MOTION_IGNORED drag state inactive
MOTION_IGNORED drag state inactive
MOTION_IGNORED drag state inactive
MOTION_IGNORED drag state inactive
MOTION_IGNORED drag state inactive
MOTION_IGNORED drag state inactive
MOTION_IGNORED drag state inactive
MOTION_IGNORED drag state inactive
MOTION_IGNORED drag state inactive
MOTION_IGNORED drag state inactive
MOTION_IGNORED drag state inactive
MOTION_IGNORED drag state inactive
MOTION_IGNORED drag state inactive
MOTION_IGNORED drag state inactive
MOTION_IGNORED drag state inactive
MOTION_IGNORED drag state inactive
MOTION_IGNORED drag state inactive
MOTION_IGNORED drag state inactive
MOTION_IGNORED drag state inactive
MOTION_IGNORED drag state inactive
MOTION_IGNORED drag state inactive
MOTION_IGNORED drag state inactive
MOTION_IGNORED drag state inactive
MOTION_IGNORED drag state inactive
MOTION_IGNORED drag state inactive
MOTION_IGNORED drag state inactive
MOTION_IGNORED drag state inactive
MOTION_IGNORED drag state inactive
MOTION_IGNORED drag state inactive
MOTION_IGNORED drag state inactive
MOTION_IGNORED drag state inactive
MOTION_IGNORED drag state inactive
MOTION_IGNORED drag state inactive
MOTION_IGNORED drag state inactive
MOTION_IGNORED drag state inactive
MOTION_IGNORED drag state inactive
MOTION_IGNORED drag state inactive
MOTION_IGNORED drag state inactive
MOTION_IGNORED drag state inactive
MOTION_IGNORED drag state inactive
MOTION_IGNORED drag state inactive
MOTION_IGNORED drag state inactive
MOTION_IGNORED drag state inactive
MOTION_IGNORED drag state inactive
MOTION_IGNORED drag state inactive
MOTION_IGNORED drag state inactive
MOTION_IGNORED drag state inactive
MOTION_IGNORED drag state inactive
MOTION_IGNORED drag state inactive
MOTION_IGNORED drag state inactive
MOTION_IGNORED drag state inactive
MOTION_IGNORED drag state inactive
MOTION_IGNORED drag state inactive
MOTION_IGNORED drag state inactive
MOTION_IGNORED drag state inactive
MOTION_IGNORED drag state inactive
MOTION_IGNORED drag state inactive
MOTION_IGNORED drag state inactive
MOTION_IGNORED drag state inactive
MOTION_IGNORED drag state inactive
MOTION_IGNORED drag state inactive
MOTION_IGNORED drag state inactive
MOTION_IGNORED drag state inactive
MOTION_IGNORED drag state inactive
MOTION_IGNORED drag state inactive
MOTION_IGNORED drag state inactive
MOTION_IGNORED drag state inactive
MOTION_IGNORED drag state inactive
MOTION_IGNORED drag state inactive
MOTION_IGNORED drag state inactive
MOTION_IGNORED drag state inactive
MOTION_IGNORED drag state inactive
MOTION_IGNORED drag state inactive
MOTION_IGNORED drag state inactive
MOTION_IGNORED drag state inactive
MOTION_IGNORED drag state inactive
MOTION_IGNORED drag state inactive
MOTION_IGNORED drag state inactive
MOTION_IGNORED drag state inactive
MOTION_IGNORED drag state inactive
MOTION_IGNORED drag state inactive
MOTION_IGNORED drag state inactive
LEFT_DOWN screen=(462,227) logical=(462,227) hit=1 ctrl=0 selectedBefore=0
DRAG_ARMED index=1 id=event-00000002 startTick=960 note=73 selectedNow=1
LEFT_UP dragging=1 index=1 capture=1 selected=1
MOTION_IGNORED drag state inactive
MOTION_IGNORED drag state inactive
MOTION_IGNORED drag state inactive
MOTION_IGNORED drag state inactive
MOTION_IGNORED drag state inactive
MOTION_IGNORED drag state inactive
MOTION_IGNORED drag state inactive
MOTION_IGNORED drag state inactive
MOTION_IGNORED drag state inactive
MOTION_IGNORED drag state inactive
MOTION_IGNORED drag state inactive
MOTION_IGNORED drag state inactive
MOTION_IGNORED drag state inactive
MOTION_IGNORED drag state inactive
MOTION_IGNORED drag state inactive
MOTION_IGNORED drag state inactive
MOTION_IGNORED drag state inactive
MOTION_IGNORED drag state inactive
MOTION_IGNORED drag state inactive
MOTION_IGNORED drag state inactive
LEFT_DOWN screen=(514,314) logical=(514,314) hit=-1 ctrl=0 selectedBefore=1
LEFT_UP dragging=0 index=-1 capture=1 selected=0
MOTION_IGNORED drag state inactive
MOTION_IGNORED drag state inactive
MOTION_IGNORED drag state inactive
MOTION_IGNORED drag state inactive
MOTION_IGNORED drag state inactive
MOTION_IGNORED drag state inactive
MOTION_IGNORED drag state inactive
MOTION_IGNORED drag state inactive
MOTION_IGNORED drag state inactive
MOTION_IGNORED drag state inactive
MOTION_IGNORED drag state inactive
MOTION_IGNORED drag state inactive
MOTION_IGNORED drag state inactive
MOTION_IGNORED drag state inactive
MOTION_IGNORED drag state inactive
MOTION_IGNORED drag state inactive
MOTION_IGNORED drag state inactive
MOTION_IGNORED drag state inactive
MOTION_IGNORED drag state inactive
MOTION_IGNORED drag state inactive
MOTION_IGNORED drag state inactive
MOTION_IGNORED drag state inactive
MOTION_IGNORED drag state inactive
MOTION_IGNORED drag state inactive
MOTION_IGNORED drag state inactive
MOTION_IGNORED drag state inactive
MOTION_IGNORED drag state inactive
MOTION_IGNORED drag state inactive
MOTION_IGNORED drag state inactive
MOTION_IGNORED drag state inactive
MOTION_IGNORED drag state inactive
MOTION_IGNORED drag state inactive
MOTION_IGNORED drag state inactive
MOTION_IGNORED drag state inactive
MOTION_IGNORED drag state inactive
MOTION_IGNORED drag state inactive
MOTION_IGNORED drag state inactive
MOTION_IGNORED drag state inactive
MOTION_IGNORED drag state inactive
MOTION_IGNORED drag state inactive
MOTION_IGNORED drag state inactive
MOTION_IGNORED drag state inactive
MOTION_IGNORED drag state inactive
MOTION_IGNORED drag state inactive
MOTION_IGNORED drag state inactive
MOTION_IGNORED drag state inactive
MOTION_IGNORED drag state inactive
MOTION_IGNORED drag state inactive
MOTION_IGNORED drag state inactive
MOTION_IGNORED drag state inactive
MOTION_IGNORED drag state inactive
MOTION_IGNORED drag state inactive
MOTION_IGNORED drag state inactive
MOTION_IGNORED drag state inactive
MOTION_IGNORED drag state inactive
MOTION_IGNORED drag state inactive
MOTION_IGNORED drag state inactive
MOTION_IGNORED drag state inactive
MOTION_IGNORED drag state inactive
MOTION_IGNORED drag state inactive
LEFT_DOWN screen=(355,229) logical=(355,229) hit=2 ctrl=0 selectedBefore=1
DRAG_ARMED index=2 id=event-00000003 startTick=0 note=73 selectedNow=1
MOTION screen=(355,228) logical=(355,228) dx=0 dy=-1 tickDelta=0 noteDelta=1 left=1 capture=1
MOTION_APPLIED tickDelta=0 noteDelta=1 selected=1
MOTION screen=(356,228) logical=(356,228) dx=1 dy=-1 tickDelta=5 noteDelta=1 left=1 capture=1
MOTION_APPLIED tickDelta=0 noteDelta=1 selected=1
MOTION screen=(359,230) logical=(359,230) dx=4 dy=1 tickDelta=20 noteDelta=0 left=1 capture=1
MOTION_APPLIED tickDelta=0 noteDelta=0 selected=1
MOTION screen=(362,232) logical=(362,232) dx=7 dy=3 tickDelta=35 noteDelta=0 left=1 capture=1
MOTION_APPLIED tickDelta=0 noteDelta=0 selected=1
MOTION screen=(365,234) logical=(365,234) dx=10 dy=5 tickDelta=50 noteDelta=0 left=1 capture=1
MOTION_APPLIED tickDelta=0 noteDelta=0 selected=1
MOTION screen=(371,238) logical=(371,238) dx=16 dy=9 tickDelta=80 noteDelta=-1 left=1 capture=1
MOTION_APPLIED tickDelta=120 noteDelta=-1 selected=1
MOTION screen=(375,239) logical=(375,239) dx=20 dy=10 tickDelta=100 noteDelta=-1 left=1 capture=1
MOTION_APPLIED tickDelta=120 noteDelta=-1 selected=1
MOTION screen=(378,240) logical=(378,240) dx=23 dy=11 tickDelta=115 noteDelta=-1 left=1 capture=1
MOTION_APPLIED tickDelta=120 noteDelta=-1 selected=1
MOTION screen=(381,242) logical=(381,242) dx=26 dy=13 tickDelta=130 noteDelta=-1 left=1 capture=1
MOTION_APPLIED tickDelta=120 noteDelta=-1 selected=1
MOTION screen=(382,242) logical=(382,242) dx=27 dy=13 tickDelta=135 noteDelta=-1 left=1 capture=1
MOTION_APPLIED tickDelta=120 noteDelta=-1 selected=1
MOTION screen=(385,243) logical=(385,243) dx=30 dy=14 tickDelta=150 noteDelta=-1 left=1 capture=1
MOTION_APPLIED tickDelta=120 noteDelta=-1 selected=1
MOTION screen=(389,245) logical=(389,245) dx=34 dy=16 tickDelta=170 noteDelta=-1 left=1 capture=1
MOTION_APPLIED tickDelta=120 noteDelta=-1 selected=1
MOTION screen=(391,246) logical=(391,246) dx=36 dy=17 tickDelta=180 noteDelta=-1 left=1 capture=1
MOTION_APPLIED tickDelta=240 noteDelta=-1 selected=1
MOTION screen=(398,249) logical=(398,249) dx=43 dy=20 tickDelta=215 noteDelta=-1 left=1 capture=1
MOTION_APPLIED tickDelta=240 noteDelta=-1 selected=1
MOTION screen=(401,251) logical=(401,251) dx=46 dy=22 tickDelta=230 noteDelta=-1 left=1 capture=1
MOTION_APPLIED tickDelta=240 noteDelta=-1 selected=1
MOTION screen=(404,253) logical=(404,253) dx=49 dy=24 tickDelta=244 noteDelta=-1 left=1 capture=1
MOTION_APPLIED tickDelta=240 noteDelta=-1 selected=1
MOTION screen=(412,258) logical=(412,258) dx=57 dy=29 tickDelta=285 noteDelta=-2 left=1 capture=1
MOTION_APPLIED tickDelta=240 noteDelta=-2 selected=1
MOTION screen=(417,260) logical=(417,260) dx=62 dy=31 tickDelta=310 noteDelta=-2 left=1 capture=1
MOTION_APPLIED tickDelta=360 noteDelta=-2 selected=1
MOTION screen=(424,263) logical=(424,263) dx=69 dy=34 tickDelta=345 noteDelta=-2 left=1 capture=1
MOTION_APPLIED tickDelta=360 noteDelta=-2 selected=1
MOTION screen=(438,265) logical=(438,265) dx=83 dy=36 tickDelta=415 noteDelta=-2 left=1 capture=1
MOTION_APPLIED tickDelta=360 noteDelta=-2 selected=1
MOTION screen=(451,270) logical=(451,270) dx=96 dy=41 tickDelta=480 noteDelta=-2 left=1 capture=1
MOTION_APPLIED tickDelta=480 noteDelta=-2 selected=1
MOTION screen=(456,271) logical=(456,271) dx=101 dy=42 tickDelta=504 noteDelta=-2 left=1 capture=1
MOTION_APPLIED tickDelta=480 noteDelta=-2 selected=1
MOTION screen=(467,274) logical=(467,274) dx=112 dy=45 tickDelta=560 noteDelta=-3 left=1 capture=1
MOTION_APPLIED tickDelta=600 noteDelta=-3 selected=1
MOTION screen=(485,278) logical=(485,278) dx=130 dy=49 tickDelta=650 noteDelta=-3 left=1 capture=1
MOTION_APPLIED tickDelta=600 noteDelta=-3 selected=1
MOTION screen=(495,280) logical=(495,280) dx=140 dy=51 tickDelta=700 noteDelta=-3 left=1 capture=1
MOTION_APPLIED tickDelta=720 noteDelta=-3 selected=1
MOTION screen=(503,283) logical=(503,283) dx=148 dy=54 tickDelta=740 noteDelta=-3 left=1 capture=1
MOTION_APPLIED tickDelta=720 noteDelta=-3 selected=1
MOTION screen=(521,286) logical=(521,286) dx=166 dy=57 tickDelta=830 noteDelta=-3 left=1 capture=1
MOTION_APPLIED tickDelta=840 noteDelta=-3 selected=1
MOTION screen=(528,286) logical=(528,286) dx=173 dy=57 tickDelta=865 noteDelta=-3 left=1 capture=1
MOTION_APPLIED tickDelta=840 noteDelta=-3 selected=1
MOTION screen=(540,288) logical=(540,288) dx=185 dy=59 tickDelta=925 noteDelta=-3 left=1 capture=1
MOTION_APPLIED tickDelta=960 noteDelta=-3 selected=1
MOTION screen=(544,289) logical=(544,289) dx=189 dy=60 tickDelta=945 noteDelta=-3 left=1 capture=1
MOTION_APPLIED tickDelta=960 noteDelta=-3 selected=1
MOTION screen=(547,290) logical=(547,290) dx=192 dy=61 tickDelta=960 noteDelta=-3 left=1 capture=1
MOTION_APPLIED tickDelta=960 noteDelta=-3 selected=1
MOTION screen=(551,290) logical=(551,290) dx=196 dy=61 tickDelta=979 noteDelta=-3 left=1 capture=1
MOTION_APPLIED tickDelta=960 noteDelta=-3 selected=1
MOTION screen=(552,291) logical=(552,291) dx=197 dy=62 tickDelta=985 noteDelta=-3 left=1 capture=1
MOTION_APPLIED tickDelta=960 noteDelta=-3 selected=1
MOTION screen=(554,291) logical=(554,291) dx=199 dy=62 tickDelta=994 noteDelta=-3 left=1 capture=1
MOTION_APPLIED tickDelta=960 noteDelta=-3 selected=1
MOTION screen=(560,293) logical=(560,293) dx=205 dy=64 tickDelta=1025 noteDelta=-4 left=1 capture=1
MOTION_APPLIED tickDelta=1080 noteDelta=-4 selected=1
MOTION screen=(568,293) logical=(568,293) dx=213 dy=64 tickDelta=1065 noteDelta=-4 left=1 capture=1
MOTION_APPLIED tickDelta=1080 noteDelta=-4 selected=1
MOTION screen=(576,293) logical=(576,293) dx=221 dy=64 tickDelta=1105 noteDelta=-4 left=1 capture=1
MOTION_APPLIED tickDelta=1080 noteDelta=-4 selected=1
MOTION screen=(585,293) logical=(585,293) dx=230 dy=64 tickDelta=1150 noteDelta=-4 left=1 capture=1
MOTION_APPLIED tickDelta=1200 noteDelta=-4 selected=1
MOTION screen=(592,293) logical=(592,293) dx=237 dy=64 tickDelta=1185 noteDelta=-4 left=1 capture=1
MOTION_APPLIED tickDelta=1200 noteDelta=-4 selected=1
MOTION screen=(604,293) logical=(604,293) dx=249 dy=64 tickDelta=1245 noteDelta=-4 left=1 capture=1
MOTION_APPLIED tickDelta=1200 noteDelta=-4 selected=1
MOTION screen=(606,293) logical=(606,293) dx=251 dy=64 tickDelta=1255 noteDelta=-4 left=1 capture=1
MOTION_APPLIED tickDelta=1200 noteDelta=-4 selected=1
MOTION screen=(609,293) logical=(609,293) dx=254 dy=64 tickDelta=1270 noteDelta=-4 left=1 capture=1
MOTION_APPLIED tickDelta=1320 noteDelta=-4 selected=1
MOTION screen=(610,293) logical=(610,293) dx=255 dy=64 tickDelta=1275 noteDelta=-4 left=1 capture=1
MOTION_APPLIED tickDelta=1320 noteDelta=-4 selected=1
MOTION screen=(611,294) logical=(611,294) dx=256 dy=65 tickDelta=1280 noteDelta=-4 left=1 capture=1
MOTION_APPLIED tickDelta=1320 noteDelta=-4 selected=1
MOTION screen=(612,294) logical=(612,294) dx=257 dy=65 tickDelta=1285 noteDelta=-4 left=1 capture=1
MOTION_APPLIED tickDelta=1320 noteDelta=-4 selected=1
MOTION screen=(613,294) logical=(613,294) dx=258 dy=65 tickDelta=1290 noteDelta=-4 left=1 capture=1
MOTION_APPLIED tickDelta=1320 noteDelta=-4 selected=1
MOTION screen=(617,294) logical=(617,294) dx=262 dy=65 tickDelta=1310 noteDelta=-4 left=1 capture=1
MOTION_APPLIED tickDelta=1320 noteDelta=-4 selected=1
MOTION screen=(631,295) logical=(631,295) dx=276 dy=66 tickDelta=1380 noteDelta=-4 left=1 capture=1
MOTION_APPLIED tickDelta=1440 noteDelta=-4 selected=1
MOTION screen=(639,297) logical=(639,297) dx=284 dy=68 tickDelta=1420 noteDelta=-4 left=1 capture=1
MOTION_APPLIED tickDelta=1440 noteDelta=-4 selected=1
MOTION screen=(650,297) logical=(650,297) dx=295 dy=68 tickDelta=1475 noteDelta=-4 left=1 capture=1
MOTION_APPLIED tickDelta=1440 noteDelta=-4 selected=1
MOTION screen=(659,299) logical=(659,299) dx=304 dy=70 tickDelta=1520 noteDelta=-4 left=1 capture=1
MOTION_APPLIED tickDelta=1560 noteDelta=-4 selected=1
MOTION screen=(666,299) logical=(666,299) dx=311 dy=70 tickDelta=1555 noteDelta=-4 left=1 capture=1
MOTION_APPLIED tickDelta=1560 noteDelta=-4 selected=1
MOTION screen=(674,300) logical=(674,300) dx=319 dy=71 tickDelta=1595 noteDelta=-4 left=1 capture=1
MOTION_APPLIED tickDelta=1560 noteDelta=-4 selected=1
MOTION screen=(684,303) logical=(684,303) dx=329 dy=74 tickDelta=1645 noteDelta=-4 left=1 capture=1
MOTION_APPLIED tickDelta=1680 noteDelta=-4 selected=1
MOTION screen=(687,303) logical=(687,303) dx=332 dy=74 tickDelta=1660 noteDelta=-4 left=1 capture=1
MOTION_APPLIED tickDelta=1680 noteDelta=-4 selected=1
MOTION screen=(689,304) logical=(689,304) dx=334 dy=75 tickDelta=1670 noteDelta=-4 left=1 capture=1
MOTION_APPLIED tickDelta=1680 noteDelta=-4 selected=1
MOTION screen=(690,304) logical=(690,304) dx=335 dy=75 tickDelta=1675 noteDelta=-4 left=1 capture=1
MOTION_APPLIED tickDelta=1680 noteDelta=-4 selected=1
MOTION screen=(691,304) logical=(691,304) dx=336 dy=75 tickDelta=1680 noteDelta=-4 left=1 capture=1
MOTION_APPLIED tickDelta=1680 noteDelta=-4 selected=1
MOTION screen=(691,305) logical=(691,305) dx=336 dy=76 tickDelta=1680 noteDelta=-4 left=1 capture=1
MOTION_APPLIED tickDelta=1680 noteDelta=-4 selected=1
MOTION screen=(692,306) logical=(692,306) dx=337 dy=77 tickDelta=1685 noteDelta=-4 left=1 capture=1
MOTION_APPLIED tickDelta=1680 noteDelta=-4 selected=1
MOTION screen=(692,308) logical=(692,308) dx=337 dy=79 tickDelta=1685 noteDelta=-4 left=1 capture=1
MOTION_APPLIED tickDelta=1680 noteDelta=-4 selected=1
MOTION screen=(692,309) logical=(692,309) dx=337 dy=80 tickDelta=1685 noteDelta=-4 left=1 capture=1
MOTION_APPLIED tickDelta=1680 noteDelta=-4 selected=1
MOTION screen=(693,310) logical=(693,310) dx=338 dy=81 tickDelta=1690 noteDelta=-5 left=1 capture=1
MOTION_APPLIED tickDelta=1680 noteDelta=-5 selected=1
MOTION screen=(694,311) logical=(694,311) dx=339 dy=82 tickDelta=1695 noteDelta=-5 left=1 capture=1
MOTION_APPLIED tickDelta=1680 noteDelta=-5 selected=1
MOTION screen=(694,312) logical=(694,312) dx=339 dy=83 tickDelta=1695 noteDelta=-5 left=1 capture=1
MOTION_APPLIED tickDelta=1680 noteDelta=-5 selected=1
MOTION screen=(695,312) logical=(695,312) dx=340 dy=83 tickDelta=1700 noteDelta=-5 left=1 capture=1
MOTION_APPLIED tickDelta=1680 noteDelta=-5 selected=1
MOTION screen=(695,314) logical=(695,314) dx=340 dy=85 tickDelta=1700 noteDelta=-5 left=1 capture=1
MOTION_APPLIED tickDelta=1680 noteDelta=-5 selected=1
MOTION screen=(695,315) logical=(695,315) dx=340 dy=86 tickDelta=1700 noteDelta=-5 left=1 capture=1
MOTION_APPLIED tickDelta=1680 noteDelta=-5 selected=1
MOTION screen=(697,316) logical=(697,316) dx=342 dy=87 tickDelta=1710 noteDelta=-5 left=1 capture=1
MOTION_APPLIED tickDelta=1680 noteDelta=-5 selected=1
MOTION screen=(697,317) logical=(697,317) dx=342 dy=88 tickDelta=1710 noteDelta=-5 left=1 capture=1
MOTION_APPLIED tickDelta=1680 noteDelta=-5 selected=1
MOTION screen=(698,318) logical=(698,318) dx=343 dy=89 tickDelta=1715 noteDelta=-5 left=1 capture=1
MOTION_APPLIED tickDelta=1680 noteDelta=-5 selected=1
MOTION screen=(698,320) logical=(698,320) dx=343 dy=91 tickDelta=1715 noteDelta=-5 left=1 capture=1
MOTION_APPLIED tickDelta=1680 noteDelta=-5 selected=1
MOTION screen=(699,321) logical=(699,321) dx=344 dy=92 tickDelta=1720 noteDelta=-5 left=1 capture=1
MOTION_APPLIED tickDelta=1680 noteDelta=-5 selected=1
MOTION screen=(699,322) logical=(699,322) dx=344 dy=93 tickDelta=1720 noteDelta=-5 left=1 capture=1
MOTION_APPLIED tickDelta=1680 noteDelta=-5 selected=1
MOTION screen=(700,323) logical=(700,323) dx=345 dy=94 tickDelta=1725 noteDelta=-5 left=1 capture=1
MOTION_APPLIED tickDelta=1680 noteDelta=-5 selected=1
MOTION screen=(701,324) logical=(701,324) dx=346 dy=95 tickDelta=1730 noteDelta=-5 left=1 capture=1
MOTION_APPLIED tickDelta=1680 noteDelta=-5 selected=1
MOTION screen=(702,325) logical=(702,325) dx=347 dy=96 tickDelta=1735 noteDelta=-5 left=1 capture=1
MOTION_APPLIED tickDelta=1680 noteDelta=-5 selected=1
MOTION screen=(703,326) logical=(703,326) dx=348 dy=97 tickDelta=1740 noteDelta=-5 left=1 capture=1
MOTION_APPLIED tickDelta=1800 noteDelta=-5 selected=1
MOTION screen=(705,327) logical=(705,327) dx=350 dy=98 tickDelta=1750 noteDelta=-5 left=1 capture=1
MOTION_APPLIED tickDelta=1800 noteDelta=-5 selected=1
MOTION screen=(706,327) logical=(706,327) dx=351 dy=98 tickDelta=1755 noteDelta=-5 left=1 capture=1
MOTION_APPLIED tickDelta=1800 noteDelta=-5 selected=1
MOTION screen=(708,328) logical=(708,328) dx=353 dy=99 tickDelta=1765 noteDelta=-6 left=1 capture=1
MOTION_APPLIED tickDelta=1800 noteDelta=-6 selected=1
MOTION screen=(710,328) logical=(710,328) dx=355 dy=99 tickDelta=1775 noteDelta=-6 left=1 capture=1
MOTION_APPLIED tickDelta=1800 noteDelta=-6 selected=1
MOTION screen=(713,328) logical=(713,328) dx=358 dy=99 tickDelta=1790 noteDelta=-6 left=1 capture=1
MOTION_APPLIED tickDelta=1800 noteDelta=-6 selected=1
MOTION screen=(714,329) logical=(714,329) dx=359 dy=100 tickDelta=1795 noteDelta=-6 left=1 capture=1
MOTION_APPLIED tickDelta=1800 noteDelta=-6 selected=1
MOTION screen=(718,329) logical=(718,329) dx=363 dy=100 tickDelta=1815 noteDelta=-6 left=1 capture=1
MOTION_APPLIED tickDelta=1800 noteDelta=-6 selected=1
MOTION screen=(718,330) logical=(718,330) dx=363 dy=101 tickDelta=1815 noteDelta=-6 left=1 capture=1
MOTION_APPLIED tickDelta=1800 noteDelta=-6 selected=1
MOTION screen=(719,330) logical=(719,330) dx=364 dy=101 tickDelta=1820 noteDelta=-6 left=1 capture=1
MOTION_APPLIED tickDelta=1800 noteDelta=-6 selected=1
MOTION screen=(719,331) logical=(719,331) dx=364 dy=102 tickDelta=1820 noteDelta=-6 left=1 capture=1
MOTION_APPLIED tickDelta=1800 noteDelta=-6 selected=1
MOTION screen=(720,331) logical=(720,331) dx=365 dy=102 tickDelta=1825 noteDelta=-6 left=1 capture=1
MOTION_APPLIED tickDelta=1800 noteDelta=-6 selected=1
MOTION screen=(723,332) logical=(723,332) dx=368 dy=103 tickDelta=1840 noteDelta=-6 left=1 capture=1
MOTION_APPLIED tickDelta=1800 noteDelta=-6 selected=1
MOTION screen=(727,334) logical=(727,334) dx=372 dy=105 tickDelta=1860 noteDelta=-6 left=1 capture=1
MOTION_APPLIED tickDelta=1920 noteDelta=-6 selected=1
MOTION screen=(732,335) logical=(732,335) dx=377 dy=106 tickDelta=1885 noteDelta=-6 left=1 capture=1
MOTION_APPLIED tickDelta=1920 noteDelta=-6 selected=1
MOTION screen=(742,336) logical=(742,336) dx=387 dy=107 tickDelta=1935 noteDelta=-6 left=1 capture=1
MOTION_APPLIED tickDelta=1920 noteDelta=-6 selected=1
MOTION screen=(744,336) logical=(744,336) dx=389 dy=107 tickDelta=1944 noteDelta=-6 left=1 capture=1
MOTION_APPLIED tickDelta=1920 noteDelta=-6 selected=1
MOTION screen=(747,336) logical=(747,336) dx=392 dy=107 tickDelta=1959 noteDelta=-6 left=1 capture=1
MOTION_APPLIED tickDelta=1920 noteDelta=-6 selected=1
MOTION screen=(749,336) logical=(749,336) dx=394 dy=107 tickDelta=1970 noteDelta=-6 left=1 capture=1
MOTION_APPLIED tickDelta=1920 noteDelta=-6 selected=1
MOTION screen=(750,338) logical=(750,338) dx=395 dy=109 tickDelta=1974 noteDelta=-6 left=1 capture=1
MOTION_APPLIED tickDelta=1920 noteDelta=-6 selected=1
MOTION screen=(751,338) logical=(751,338) dx=396 dy=109 tickDelta=1980 noteDelta=-6 left=1 capture=1
MOTION_APPLIED tickDelta=2040 noteDelta=-6 selected=1
MOTION screen=(752,338) logical=(752,338) dx=397 dy=109 tickDelta=1985 noteDelta=-6 left=1 capture=1
MOTION_APPLIED tickDelta=2040 noteDelta=-6 selected=1
MOTION screen=(754,338) logical=(754,338) dx=399 dy=109 tickDelta=1995 noteDelta=-6 left=1 capture=1
MOTION_APPLIED tickDelta=2040 noteDelta=-6 selected=1
MOTION screen=(755,338) logical=(755,338) dx=400 dy=109 tickDelta=2000 noteDelta=-6 left=1 capture=1
MOTION_APPLIED tickDelta=2040 noteDelta=-6 selected=1
MOTION screen=(761,338) logical=(761,338) dx=406 dy=109 tickDelta=2030 noteDelta=-6 left=1 capture=1
MOTION_APPLIED tickDelta=2040 noteDelta=-6 selected=1
MOTION screen=(764,339) logical=(764,339) dx=409 dy=110 tickDelta=2045 noteDelta=-6 left=1 capture=1
MOTION_APPLIED tickDelta=2040 noteDelta=-6 selected=1
MOTION screen=(770,339) logical=(770,339) dx=415 dy=110 tickDelta=2075 noteDelta=-6 left=1 capture=1
MOTION_APPLIED tickDelta=2040 noteDelta=-6 selected=1
MOTION screen=(778,340) logical=(778,340) dx=423 dy=111 tickDelta=2115 noteDelta=-6 left=1 capture=1
MOTION_APPLIED tickDelta=2160 noteDelta=-6 selected=1
MOTION screen=(783,342) logical=(783,342) dx=428 dy=113 tickDelta=2140 noteDelta=-6 left=1 capture=1
MOTION_APPLIED tickDelta=2160 noteDelta=-6 selected=1
MOTION screen=(786,342) logical=(786,342) dx=431 dy=113 tickDelta=2155 noteDelta=-6 left=1 capture=1
MOTION_APPLIED tickDelta=2160 noteDelta=-6 selected=1
MOTION screen=(788,343) logical=(788,343) dx=433 dy=114 tickDelta=2165 noteDelta=-6 left=1 capture=1
MOTION_APPLIED tickDelta=2160 noteDelta=-6 selected=1
MOTION screen=(789,343) logical=(789,343) dx=434 dy=114 tickDelta=2170 noteDelta=-6 left=1 capture=1
MOTION_APPLIED tickDelta=2160 noteDelta=-6 selected=1
MOTION screen=(790,343) logical=(790,343) dx=435 dy=114 tickDelta=2175 noteDelta=-6 left=1 capture=1
MOTION_APPLIED tickDelta=2160 noteDelta=-6 selected=1
MOTION screen=(791,343) logical=(791,343) dx=436 dy=114 tickDelta=2180 noteDelta=-6 left=1 capture=1
MOTION_APPLIED tickDelta=2160 noteDelta=-6 selected=1
MOTION screen=(792,343) logical=(792,343) dx=437 dy=114 tickDelta=2185 noteDelta=-6 left=1 capture=1
MOTION_APPLIED tickDelta=2160 noteDelta=-6 selected=1
MOTION screen=(793,343) logical=(793,343) dx=438 dy=114 tickDelta=2190 noteDelta=-6 left=1 capture=1
MOTION_APPLIED tickDelta=2160 noteDelta=-6 selected=1
MOTION screen=(794,343) logical=(794,343) dx=439 dy=114 tickDelta=2195 noteDelta=-6 left=1 capture=1
MOTION_APPLIED tickDelta=2160 noteDelta=-6 selected=1
MOTION screen=(795,343) logical=(795,343) dx=440 dy=114 tickDelta=2200 noteDelta=-6 left=1 capture=1
MOTION_APPLIED tickDelta=2160 noteDelta=-6 selected=1
MOTION screen=(797,343) logical=(797,343) dx=442 dy=114 tickDelta=2210 noteDelta=-6 left=1 capture=1
MOTION_APPLIED tickDelta=2160 noteDelta=-6 selected=1
MOTION screen=(798,343) logical=(798,343) dx=443 dy=114 tickDelta=2215 noteDelta=-6 left=1 capture=1
MOTION_APPLIED tickDelta=2160 noteDelta=-6 selected=1
MOTION screen=(799,343) logical=(799,343) dx=444 dy=114 tickDelta=2220 noteDelta=-6 left=1 capture=1
MOTION_APPLIED tickDelta=2280 noteDelta=-6 selected=1
MOTION screen=(800,343) logical=(800,343) dx=445 dy=114 tickDelta=2225 noteDelta=-6 left=1 capture=1
MOTION_APPLIED tickDelta=2280 noteDelta=-6 selected=1
MOTION screen=(801,343) logical=(801,343) dx=446 dy=114 tickDelta=2230 noteDelta=-6 left=1 capture=1
MOTION_APPLIED tickDelta=2280 noteDelta=-6 selected=1
MOTION screen=(802,343) logical=(802,343) dx=447 dy=114 tickDelta=2235 noteDelta=-6 left=1 capture=1
MOTION_APPLIED tickDelta=2280 noteDelta=-6 selected=1
MOTION screen=(804,343) logical=(804,343) dx=449 dy=114 tickDelta=2245 noteDelta=-6 left=1 capture=1
MOTION_APPLIED tickDelta=2280 noteDelta=-6 selected=1
MOTION screen=(805,343) logical=(805,343) dx=450 dy=114 tickDelta=2250 noteDelta=-6 left=1 capture=1
MOTION_APPLIED tickDelta=2280 noteDelta=-6 selected=1
MOTION screen=(807,343) logical=(807,343) dx=452 dy=114 tickDelta=2260 noteDelta=-6 left=1 capture=1
MOTION_APPLIED tickDelta=2280 noteDelta=-6 selected=1
MOTION screen=(808,343) logical=(808,343) dx=453 dy=114 tickDelta=2265 noteDelta=-6 left=1 capture=1
MOTION_APPLIED tickDelta=2280 noteDelta=-6 selected=1
MOTION screen=(810,343) logical=(810,343) dx=455 dy=114 tickDelta=2275 noteDelta=-6 left=1 capture=1
MOTION_APPLIED tickDelta=2280 noteDelta=-6 selected=1
MOTION screen=(811,343) logical=(811,343) dx=456 dy=114 tickDelta=2280 noteDelta=-6 left=1 capture=1
MOTION_APPLIED tickDelta=2280 noteDelta=-6 selected=1
MOTION screen=(813,343) logical=(813,343) dx=458 dy=114 tickDelta=2290 noteDelta=-6 left=1 capture=1
MOTION_APPLIED tickDelta=2280 noteDelta=-6 selected=1
MOTION screen=(814,343) logical=(814,343) dx=459 dy=114 tickDelta=2295 noteDelta=-6 left=1 capture=1
MOTION_APPLIED tickDelta=2280 noteDelta=-6 selected=1
MOTION screen=(815,343) logical=(815,343) dx=460 dy=114 tickDelta=2300 noteDelta=-6 left=1 capture=1
MOTION_APPLIED tickDelta=2280 noteDelta=-6 selected=1
MOTION screen=(816,343) logical=(816,343) dx=461 dy=114 tickDelta=2305 noteDelta=-6 left=1 capture=1
MOTION_APPLIED tickDelta=2280 noteDelta=-6 selected=1
MOTION screen=(817,343) logical=(817,343) dx=462 dy=114 tickDelta=2310 noteDelta=-6 left=1 capture=1
MOTION_APPLIED tickDelta=2280 noteDelta=-6 selected=1
MOTION screen=(819,343) logical=(819,343) dx=464 dy=114 tickDelta=2320 noteDelta=-6 left=1 capture=1
MOTION_APPLIED tickDelta=2280 noteDelta=-6 selected=1
MOTION screen=(820,343) logical=(820,343) dx=465 dy=114 tickDelta=2325 noteDelta=-6 left=1 capture=1
MOTION_APPLIED tickDelta=2280 noteDelta=-6 selected=1
MOTION screen=(821,343) logical=(821,343) dx=466 dy=114 tickDelta=2330 noteDelta=-6 left=1 capture=1
MOTION_APPLIED tickDelta=2280 noteDelta=-6 selected=1
MOTION screen=(822,343) logical=(822,343) dx=467 dy=114 tickDelta=2335 noteDelta=-6 left=1 capture=1
MOTION_APPLIED tickDelta=2280 noteDelta=-6 selected=1
MOTION screen=(823,343) logical=(823,343) dx=468 dy=114 tickDelta=2340 noteDelta=-6 left=1 capture=1
MOTION_APPLIED tickDelta=2400 noteDelta=-6 selected=1
MOTION screen=(824,343) logical=(824,343) dx=469 dy=114 tickDelta=2345 noteDelta=-6 left=1 capture=1
MOTION_APPLIED tickDelta=2400 noteDelta=-6 selected=1
MOTION screen=(825,343) logical=(825,343) dx=470 dy=114 tickDelta=2350 noteDelta=-6 left=1 capture=1
MOTION_APPLIED tickDelta=2400 noteDelta=-6 selected=1
MOTION screen=(826,343) logical=(826,343) dx=471 dy=114 tickDelta=2355 noteDelta=-6 left=1 capture=1
MOTION_APPLIED tickDelta=2400 noteDelta=-6 selected=1
MOTION screen=(827,343) logical=(827,343) dx=472 dy=114 tickDelta=2360 noteDelta=-6 left=1 capture=1
MOTION_APPLIED tickDelta=2400 noteDelta=-6 selected=1
MOTION screen=(828,343) logical=(828,343) dx=473 dy=114 tickDelta=2365 noteDelta=-6 left=1 capture=1
MOTION_APPLIED tickDelta=2400 noteDelta=-6 selected=1
MOTION screen=(829,343) logical=(829,343) dx=474 dy=114 tickDelta=2370 noteDelta=-6 left=1 capture=1
MOTION_APPLIED tickDelta=2400 noteDelta=-6 selected=1
MOTION screen=(830,343) logical=(830,343) dx=475 dy=114 tickDelta=2375 noteDelta=-6 left=1 capture=1
MOTION_APPLIED tickDelta=2400 noteDelta=-6 selected=1
LEFT_UP dragging=1 index=2 capture=1 selected=1
MOTION_IGNORED drag state inactive
MOTION_IGNORED drag state inactive
MOTION_IGNORED drag state inactive
MOTION_IGNORED drag state inactive
MOTION_IGNORED drag state inactive
MOTION_IGNORED drag state inactive
MOTION_IGNORED drag state inactive
MOTION_IGNORED drag state inactive
MOTION_IGNORED drag state inactive
MOTION_IGNORED drag state inactive
MOTION_IGNORED drag state inactive
MOTION_IGNORED drag state inactive
MOTION_IGNORED drag state inactive
MOTION_IGNORED drag state inactive
MOTION_IGNORED drag state inactive
MOTION_IGNORED drag state inactive
MOTION_IGNORED drag state inactive
MOTION_IGNORED drag state inactive
MOTION_IGNORED drag state inactive
MOTION_IGNORED drag state inactive
MOTION_IGNORED drag state inactive
MOTION_IGNORED drag state inactive
MOTION_IGNORED drag state inactive
MOTION_IGNORED drag state inactive
MOTION_IGNORED drag state inactive
MOTION_IGNORED drag state inactive
MOTION_IGNORED drag state inactive
MOTION_IGNORED drag state inactive
MOTION_IGNORED drag state inactive
MOTION_IGNORED drag state inactive
MOTION_IGNORED drag state inactive
MOTION_IGNORED drag state inactive
MOTION_IGNORED drag state inactive
MOTION_IGNORED drag state inactive
MOTION_IGNORED drag state inactive
MOTION_IGNORED drag state inactive
MOTION_IGNORED drag state inactive
MOTION_IGNORED drag state inactive
MOTION_IGNORED drag state inactive
MOTION_IGNORED drag state inactive
MOTION_IGNORED drag state inactive
MOTION_IGNORED drag state inactive
MOTION_IGNORED drag state inactive
MOTION_IGNORED drag state inactive
MOTION_IGNORED drag state inactive
MOTION_IGNORED drag state inactive
MOTION_IGNORED drag state inactive
MOTION_IGNORED drag state inactive
MOTION_IGNORED drag state inactive
MOTION_IGNORED drag state inactive
MOTION_IGNORED drag state inactive
MOTION_IGNORED drag state inactive
MOTION_IGNORED drag state inactive
MOTION_IGNORED drag state inactive
MOTION_IGNORED drag state inactive
MOTION_IGNORED drag state inactive
MOTION_IGNORED drag state inactive
MOTION_IGNORED drag state inactive
MOTION_IGNORED drag state inactive
MOTION_IGNORED drag state inactive
MOTION_IGNORED drag state inactive
MOTION_IGNORED drag state inactive
MOTION_IGNORED drag state inactive
MOTION_IGNORED drag state inactive
MOTION_IGNORED drag state inactive
MOTION_IGNORED drag state inactive
MOTION_IGNORED drag state inactive
MOTION_IGNORED drag state inactive
MOTION_IGNORED drag state inactive
MOTION_IGNORED drag state inactive
MOTION_IGNORED drag state inactive
MOTION_IGNORED drag state inactive
MOTION_IGNORED drag state inactive
MOTION_IGNORED drag state inactive
MOTION_IGNORED drag state inactive
MOTION_IGNORED drag state inactive
MOTION_IGNORED drag state inactive
MOTION_IGNORED drag state inactive
MOTION_IGNORED drag state inactive
MOTION_IGNORED drag state inactive
MOTION_IGNORED drag state inactive
MOTION_IGNORED drag state inactive
MOTION_IGNORED drag state inactive
MOTION_IGNORED drag state inactive
MOTION_IGNORED drag state inactive
MOTION_IGNORED drag state inactive
MOTION_IGNORED drag state inactive
MOTION_IGNORED drag state inactive
MOTION_IGNORED drag state inactive
MOTION_IGNORED drag state inactive
MOTION_IGNORED drag state inactive
MOTION_IGNORED drag state inactive
MOTION_IGNORED drag state inactive
LEFT_DOWN screen=(721,139) logical=(721,139) hit=-1 ctrl=0 selectedBefore=1
LEFT_UP dragging=0 index=-1 capture=1 selected=1
MOTION_IGNORED drag state inactive
MOTION_IGNORED drag state inactive
MOTION_IGNORED drag state inactive
MOTION_IGNORED drag state inactive
MOTION_IGNORED drag state inactive
MOTION_IGNORED drag state inactive
MOTION_IGNORED drag state inactive
MOTION_IGNORED drag state inactive
MOTION_IGNORED drag state inactive
MOTION_IGNORED drag state inactive
MOTION_IGNORED drag state inactive
MOTION_IGNORED drag state inactive
MOTION_IGNORED drag state inactive
MOTION_IGNORED drag state inactive
MOTION_IGNORED drag state inactive
MOTION_IGNORED drag state inactive
MOTION_IGNORED drag state inactive
MOTION_IGNORED drag state inactive
MOTION_IGNORED drag state inactive
MOTION_IGNORED drag state inactive
MOTION_IGNORED drag state inactive
MOTION_IGNORED drag state inactive
MOTION_IGNORED drag state inactive
MOTION_IGNORED drag state inactive
MOTION_IGNORED drag state inactive
MOTION_IGNORED drag state inactive
MOTION_IGNORED drag state inactive
MOTION_IGNORED drag state inactive
MOTION_IGNORED drag state inactive
MOTION_IGNORED drag state inactive
MOTION_IGNORED drag state inactive
MOTION_IGNORED drag state inactive
MOTION_IGNORED drag state inactive
MOTION_IGNORED drag state inactive
MOTION_IGNORED drag state inactive
MOTION_IGNORED drag state inactive
MOTION_IGNORED drag state inactive
MOTION_IGNORED drag state inactive
MOTION_IGNORED drag state inactive
MOTION_IGNORED drag state inactive
MOTION_IGNORED drag state inactive
MOTION_IGNORED drag state inactive
MOTION_IGNORED drag state inactive
MOTION_IGNORED drag state inactive
MOTION_IGNORED drag state inactive
LEFT_DOWN screen=(242,527) logical=(242,527) hit=-1 ctrl=0 selectedBefore=1
LEFT_UP dragging=0 index=-1 capture=1 selected=2
MOTION_IGNORED drag state inactive
MOTION_IGNORED drag state inactive
MOTION_IGNORED drag state inactive
MOTION_IGNORED drag state inactive
MOTION_IGNORED drag state inactive
MOTION_IGNORED drag state inactive
MOTION_IGNORED drag state inactive
MOTION_IGNORED drag state inactive
MOTION_IGNORED drag state inactive
MOTION_IGNORED drag state inactive
MOTION_IGNORED drag state inactive
MOTION_IGNORED drag state inactive
MOTION_IGNORED drag state inactive
MOTION_IGNORED drag state inactive
MOTION_IGNORED drag state inactive
MOTION_IGNORED drag state inactive
MOTION_IGNORED drag state inactive
MOTION_IGNORED drag state inactive
MOTION_IGNORED drag state inactive
MOTION_IGNORED drag state inactive
MOTION_IGNORED drag state inactive
LEFT_DOWN screen=(296,302) logical=(296,302) hit=-1 ctrl=0 selectedBefore=2
LEFT_UP dragging=0 index=-1 capture=1 selected=0
MOTION_IGNORED drag state inactive
MOTION_IGNORED drag state inactive
MOTION_IGNORED drag state inactive
MOTION_IGNORED drag state inactive
MOTION_IGNORED drag state inactive
MOTION_IGNORED drag state inactive
MOTION_IGNORED drag state inactive
MOTION_IGNORED drag state inactive
MOTION_IGNORED drag state inactive
MOTION_IGNORED drag state inactive
MOTION_IGNORED drag state inactive
MOTION_IGNORED drag state inactive
MOTION_IGNORED drag state inactive
MOTION_IGNORED drag state inactive
MOTION_IGNORED drag state inactive
MOTION_IGNORED drag state inactive
MOTION_IGNORED drag state inactive
MOTION_IGNORED drag state inactive
MOTION_IGNORED drag state inactive
MOTION_IGNORED drag state inactive
MOTION_IGNORED drag state inactive
MOTION_IGNORED drag state inactive
MOTION_IGNORED drag state inactive
MOTION_IGNORED drag state inactive
MOTION_IGNORED drag state inactive
MOTION_IGNORED drag state inactive
MOTION_IGNORED drag state inactive
MOTION_IGNORED drag state inactive
MOTION_IGNORED drag state inactive
MOTION_IGNORED drag state inactive
MOTION_IGNORED drag state inactive
MOTION_IGNORED drag state inactive
MOTION_IGNORED drag state inactive
MOTION_IGNORED drag state inactive
MOTION_IGNORED drag state inactive
MOTION_IGNORED drag state inactive
MOTION_IGNORED drag state inactive
MOTION_IGNORED drag state inactive
MOTION_IGNORED drag state inactive
MOTION_IGNORED drag state inactive
MOTION_IGNORED drag state inactive
MOTION_IGNORED drag state inactive
MOTION_IGNORED drag state inactive
MOTION_IGNORED drag state inactive
MOTION_IGNORED drag state inactive
MOTION_IGNORED drag state inactive
MOTION_IGNORED drag state inactive
MOTION_IGNORED drag state inactive
MOTION_IGNORED drag state inactive
MOTION_IGNORED drag state inactive
MOTION_IGNORED drag state inactive
MOTION_IGNORED drag state inactive
MOTION_IGNORED drag state inactive
MOTION_IGNORED drag state inactive
MOTION_IGNORED drag state inactive
MOTION_IGNORED drag state inactive
MOTION_IGNORED drag state inactive
MOTION_IGNORED drag state inactive
MOTION_IGNORED drag state inactive
MOTION_IGNORED drag state inactive
MOTION_IGNORED drag state inactive
MOTION_IGNORED drag state inactive
MOTION_IGNORED drag state inactive
MOTION_IGNORED drag state inactive
MOTION_IGNORED drag state inactive
MOTION_IGNORED drag state inactive
MOTION_IGNORED drag state inactive
MOTION_IGNORED drag state inactive
MOTION_IGNORED drag state inactive
MOTION_IGNORED drag state inactive
MOTION_IGNORED drag state inactive
MOTION_IGNORED drag state inactive
MOTION_IGNORED drag state inactive
MOTION_IGNORED drag state inactive
MOTION_IGNORED drag state inactive
MOTION_IGNORED drag state inactive
MOTION_IGNORED drag state inactive
MOTION_IGNORED drag state inactive
MOTION_IGNORED drag state inactive
MOTION_IGNORED drag state inactive
MOTION_IGNORED drag state inactive
MOTION_IGNORED drag state inactive
MOTION_IGNORED drag state inactive
MOTION_IGNORED drag state inactive
MOTION_IGNORED drag state inactive
MOTION_IGNORED drag state inactive
MOTION_IGNORED drag state inactive
MOTION_IGNORED drag state inactive
MOTION_IGNORED drag state inactive
MOTION_IGNORED drag state inactive
MOTION_IGNORED drag state inactive
MOTION_IGNORED drag state inactive
MOTION_IGNORED drag state inactive
MOTION_IGNORED drag state inactive
MOTION_IGNORED drag state inactive
MOTION_IGNORED drag state inactive
MOTION_IGNORED drag state inactive
MOTION_IGNORED drag state inactive
MOTION_IGNORED drag state inactive
MOTION_IGNORED drag state inactive
MOTION_IGNORED drag state inactive
MOTION_IGNORED drag state inactive
MOTION_IGNORED drag state inactive
MOTION_IGNORED drag state inactive
MOTION_IGNORED drag state inactive
MOTION_IGNORED drag state inactive
MOTION_IGNORED drag state inactive
MOTION_IGNORED drag state inactive
MOTION_IGNORED drag state inactive
MOTION_IGNORED drag state inactive
MOTION_IGNORED drag state inactive
MOTION_IGNORED drag state inactive
MOTION_IGNORED drag state inactive
MOTION_IGNORED drag state inactive
MOTION_IGNORED drag state inactive
MOTION_IGNORED drag state inactive
MOTION_IGNORED drag state inactive
MOTION_IGNORED drag state inactive
MOTION_IGNORED drag state inactive
MOTION_IGNORED drag state inactive
MOTION_IGNORED drag state inactive
MOTION_IGNORED drag state inactive
LEFT_DOWN screen=(824,127) logical=(824,127) hit=-1 ctrl=0 selectedBefore=0
LEFT_UP dragging=0 index=-1 capture=1 selected=2
MOTION_IGNORED drag state inactive
MOTION_IGNORED drag state inactive
MOTION_IGNORED drag state inactive
MOTION_IGNORED drag state inactive
MOTION_IGNORED drag state inactive
MOTION_IGNORED drag state inactive
MOTION_IGNORED drag state inactive
MOTION_IGNORED drag state inactive
MOTION_IGNORED drag state inactive
MOTION_IGNORED drag state inactive
MOTION_IGNORED drag state inactive
MOTION_IGNORED drag state inactive
MOTION_IGNORED drag state inactive
MOTION_IGNORED drag state inactive
MOTION_IGNORED drag state inactive
MOTION_IGNORED drag state inactive
MOTION_IGNORED drag state inactive
MOTION_IGNORED drag state inactive
MOTION_IGNORED drag state inactive
MOTION_IGNORED drag state inactive
MOTION_IGNORED drag state inactive
MOTION_IGNORED drag state inactive
MOTION_IGNORED drag state inactive
MOTION_IGNORED drag state inactive
MOTION_IGNORED drag state inactive
MOTION_IGNORED drag state inactive
MOTION_IGNORED drag state inactive
MOTION_IGNORED drag state inactive
MOTION_IGNORED drag state inactive
MOTION_IGNORED drag state inactive
MOTION_IGNORED drag state inactive
MOTION_IGNORED drag state inactive
MOTION_IGNORED drag state inactive
MOTION_IGNORED drag state inactive
MOTION_IGNORED drag state inactive
LEFT_DOWN screen=(830,167) logical=(830,167) hit=-1 ctrl=0 selectedBefore=2
LEFT_UP dragging=0 index=-1 capture=1 selected=0
MOTION_IGNORED drag state inactive
MOTION_IGNORED drag state inactive
MOTION_IGNORED drag state inactive
MOTION_IGNORED drag state inactive
MOTION_IGNORED drag state inactive
MOTION_IGNORED drag state inactive
MOTION_IGNORED drag state inactive
MOTION_IGNORED drag state inactive
MOTION_IGNORED drag state inactive
MOTION_IGNORED drag state inactive
MOTION_IGNORED drag state inactive
MOTION_IGNORED drag state inactive
MOTION_IGNORED drag state inactive
MOTION_IGNORED drag state inactive
MOTION_IGNORED drag state inactive
MOTION_IGNORED drag state inactive
MOTION_IGNORED drag state inactive
MOTION_IGNORED drag state inactive
MOTION_IGNORED drag state inactive
MOTION_IGNORED drag state inactive
MOTION_IGNORED drag state inactive
MOTION_IGNORED drag state inactive
MOTION_IGNORED drag state inactive
MOTION_IGNORED drag state inactive
MOTION_IGNORED drag state inactive
MOTION_IGNORED drag state inactive
MOTION_IGNORED drag state inactive
MOTION_IGNORED drag state inactive
MOTION_IGNORED drag state inactive
MOTION_IGNORED drag state inactive
MOTION_IGNORED drag state inactive
MOTION_IGNORED drag state inactive
MOTION_IGNORED drag state inactive
MOTION_IGNORED drag state inactive
MOTION_IGNORED drag state inactive
MOTION_IGNORED drag state inactive
MOTION_IGNORED drag state inactive
MOTION_IGNORED drag state inactive
MOTION_IGNORED drag state inactive
MOTION_IGNORED drag state inactive
MOTION_IGNORED drag state inactive
MOTION_IGNORED drag state inactive
MOTION_IGNORED drag state inactive
MOTION_IGNORED drag state inactive
MOTION_IGNORED drag state inactive
MOTION_IGNORED drag state inactive
MOTION_IGNORED drag state inactive
MOTION_IGNORED drag state inactive
MOTION_IGNORED drag state inactive
MOTION_IGNORED drag state inactive
MOTION_IGNORED drag state inactive
MOTION_IGNORED drag state inactive
MOTION_IGNORED drag state inactive
MOTION_IGNORED drag state inactive
MOTION_IGNORED drag state inactive
MOTION_IGNORED drag state inactive
MOTION_IGNORED drag state inactive
MOTION_IGNORED drag state inactive
LEFT_DOWN screen=(392,460) logical=(392,460) hit=0 ctrl=0 selectedBefore=0
DRAG_ARMED index=0 id=event-00000001 startTick=0 note=60 selectedNow=1
LEFT_UP dragging=1 index=0 capture=1 selected=1
MOTION_IGNORED drag state inactive
MOTION_IGNORED drag state inactive
MOTION_IGNORED drag state inactive
MOTION_IGNORED drag state inactive
MOTION_IGNORED drag state inactive
MOTION_IGNORED drag state inactive
MOTION_IGNORED drag state inactive
MOTION_IGNORED drag state inactive
MOTION_IGNORED drag state inactive
MOTION_IGNORED drag state inactive
MOTION_IGNORED drag state inactive
MOTION_IGNORED drag state inactive
MOTION_IGNORED drag state inactive
MOTION_IGNORED drag state inactive
MOTION_IGNORED drag state inactive
MOTION_IGNORED drag state inactive
MOTION_IGNORED drag state inactive
MOTION_IGNORED drag state inactive
MOTION_IGNORED drag state inactive
MOTION_IGNORED drag state inactive
MOTION_IGNORED drag state inactive
MOTION_IGNORED drag state inactive
MOTION_IGNORED drag state inactive
MOTION_IGNORED drag state inactive
MOTION_IGNORED drag state inactive
MOTION_IGNORED drag state inactive
MOTION_IGNORED drag state inactive
MOTION_IGNORED drag state inactive
MOTION_IGNORED drag state inactive
MOTION_IGNORED drag state inactive
MOTION_IGNORED drag state inactive
MOTION_IGNORED drag state inactive
MOTION_IGNORED drag state inactive
MOTION_IGNORED drag state inactive
MOTION_IGNORED drag state inactive
MOTION_IGNORED drag state inactive
MOTION_IGNORED drag state inactive
MOTION_IGNORED drag state inactive
MOTION_IGNORED drag state inactive
MOTION_IGNORED drag state inactive
MOTION_IGNORED drag state inactive
MOTION_IGNORED drag state inactive
MOTION_IGNORED drag state inactive
MOTION_IGNORED drag state inactive
MOTION_IGNORED drag state inactive
MOTION_IGNORED drag state inactive
MOTION_IGNORED drag state inactive
MOTION_IGNORED drag state inactive
MOTION_IGNORED drag state inactive
MOTION_IGNORED drag state inactive
MOTION_IGNORED drag state inactive
MOTION_IGNORED drag state inactive
LEFT_DOWN screen=(832,239) logical=(832,239) hit=-1 ctrl=1 selectedBefore=1
LEFT_UP dragging=0 index=-1 capture=1 selected=2
MOTION_IGNORED drag state inactive
MOTION_IGNORED drag state inactive
MOTION_IGNORED drag state inactive
MOTION_IGNORED drag state inactive
MOTION_IGNORED drag state inactive
MOTION_IGNORED drag state inactive
MOTION_IGNORED drag state inactive
MOTION_IGNORED drag state inactive
MOTION_IGNORED drag state inactive
MOTION_IGNORED drag state inactive
MOTION_IGNORED drag state inactive
MOTION_IGNORED drag state inactive
MOTION_IGNORED drag state inactive
MOTION_IGNORED drag state inactive
MOTION_IGNORED drag state inactive
MOTION_IGNORED drag state inactive
MOTION_IGNORED drag state inactive
MOTION_IGNORED drag state inactive
MOTION_IGNORED drag state inactive
MOTION_IGNORED drag state inactive
MOTION_IGNORED drag state inactive
MOTION_IGNORED drag state inactive
MOTION_IGNORED drag state inactive
MOTION_IGNORED drag state inactive
MOTION_IGNORED drag state inactive
MOTION_IGNORED drag state inactive
MOTION_IGNORED drag state inactive
MOTION_IGNORED drag state inactive
MOTION_IGNORED drag state inactive
MOTION_IGNORED drag state inactive
MOTION_IGNORED drag state inactive
MOTION_IGNORED drag state inactive
MOTION_IGNORED drag state inactive
MOTION_IGNORED drag state inactive
MOTION_IGNORED drag state inactive
MOTION_IGNORED drag state inactive
MOTION_IGNORED drag state inactive
MOTION_IGNORED drag state inactive
MOTION_IGNORED drag state inactive
MOTION_IGNORED drag state inactive
MOTION_IGNORED drag state inactive
MOTION_IGNORED drag state inactive
MOTION_IGNORED drag state inactive
MOTION_IGNORED drag state inactive
MOTION_IGNORED drag state inactive
MOTION_IGNORED drag state inactive
MOTION_IGNORED drag state inactive
MOTION_IGNORED drag state inactive
MOTION_IGNORED drag state inactive
MOTION_IGNORED drag state inactive
MOTION_IGNORED drag state inactive
MOTION_IGNORED drag state inactive
MOTION_IGNORED drag state inactive
MOTION_IGNORED drag state inactive
MOTION_IGNORED drag state inactive
MOTION_IGNORED drag state inactive
MOTION_IGNORED drag state inactive
MOTION_IGNORED drag state inactive
MOTION_IGNORED drag state inactive
MOTION_IGNORED drag state inactive
MOTION_IGNORED drag state inactive
MOTION_IGNORED drag state inactive
MOTION_IGNORED drag state inactive
MOTION_IGNORED drag state inactive
MOTION_IGNORED drag state inactive
MOTION_IGNORED drag state inactive
MOTION_IGNORED drag state inactive
MOTION_IGNORED drag state inactive
MOTION_IGNORED drag state inactive
MOTION_IGNORED drag state inactive
MOTION_IGNORED drag state inactive
MOTION_IGNORED drag state inactive
MOTION_IGNORED drag state inactive
LEFT_DOWN screen=(678,144) logical=(678,144) hit=-1 ctrl=0 selectedBefore=2
LEFT_UP dragging=0 index=-1 capture=1 selected=3
MOTION_IGNORED drag state inactive
MOTION_IGNORED drag state inactive
MOTION_IGNORED drag state inactive
MOTION_IGNORED drag state inactive
MOTION_IGNORED drag state inactive
MOTION_IGNORED drag state inactive
MOTION_IGNORED drag state inactive
MOTION_IGNORED drag state inactive
MOTION_IGNORED drag state inactive
MOTION_IGNORED drag state inactive
MOTION_IGNORED drag state inactive
MOTION_IGNORED drag state inactive
MOTION_IGNORED drag state inactive
MOTION_IGNORED drag state inactive
MOTION_IGNORED drag state inactive
MOTION_IGNORED drag state inactive
MOTION_IGNORED drag state inactive
MOTION_IGNORED drag state inactive
MOTION_IGNORED drag state inactive
MOTION_IGNORED drag state inactive
MOTION_IGNORED drag state inactive
MOTION_IGNORED drag state inactive
MOTION_IGNORED drag state inactive
MOTION_IGNORED drag state inactive
MOTION_IGNORED drag state inactive
MOTION_IGNORED drag state inactive
MOTION_IGNORED drag state inactive
MOTION_IGNORED drag state inactive
MOTION_IGNORED drag state inactive
MOTION_IGNORED drag state inactive
MOTION_IGNORED drag state inactive
MOTION_IGNORED drag state inactive
MOTION_IGNORED drag state inactive
MOTION_IGNORED drag state inactive
MOTION_IGNORED drag state inactive
MOTION_IGNORED drag state inactive
MOTION_IGNORED drag state inactive
MOTION_IGNORED drag state inactive
MOTION_IGNORED drag state inactive
MOTION_IGNORED drag state inactive
MOTION_IGNORED drag state inactive
MOTION_IGNORED drag state inactive
MOTION_IGNORED drag state inactive
MOTION_IGNORED drag state inactive
MOTION_IGNORED drag state inactive
MOTION_IGNORED drag state inactive
MOTION_IGNORED drag state inactive
MOTION_IGNORED drag state inactive
MOTION_IGNORED drag state inactive
MOTION_IGNORED drag state inactive
MOTION_IGNORED drag state inactive
MOTION_IGNORED drag state inactive
MOTION_IGNORED drag state inactive
MOTION_IGNORED drag state inactive
MOTION_IGNORED drag state inactive
MOTION_IGNORED drag state inactive
MOTION_IGNORED drag state inactive
MOTION_IGNORED drag state inactive
MOTION_IGNORED drag state inactive
MOTION_IGNORED drag state inactive
MOTION_IGNORED drag state inactive
MOTION_IGNORED drag state inactive
MOTION_IGNORED drag state inactive
MOTION_IGNORED drag state inactive
MOTION_IGNORED drag state inactive
MOTION_IGNORED drag state inactive
MOTION_IGNORED drag state inactive
MOTION_IGNORED drag state inactive
MOTION_IGNORED drag state inactive
MOTION_IGNORED drag state inactive
MOTION_IGNORED drag state inactive
MOTION_IGNORED drag state inactive
MOTION_IGNORED drag state inactive
MOTION_IGNORED drag state inactive
MOTION_IGNORED drag state inactive
MOTION_IGNORED drag state inactive
MOTION_IGNORED drag state inactive
MOTION_IGNORED drag state inactive
MOTION_IGNORED drag state inactive
MOTION_IGNORED drag state inactive
MOTION_IGNORED drag state inactive
MOTION_IGNORED drag state inactive
MOTION_IGNORED drag state inactive
MOTION_IGNORED drag state inactive
MOTION_IGNORED drag state inactive
MOTION_IGNORED drag state inactive
MOTION_IGNORED drag state inactive
MOTION_IGNORED drag state inactive
MOTION_IGNORED drag state inactive
MOTION_IGNORED drag state inactive
MOTION_IGNORED drag state inactive
MOTION_IGNORED drag state inactive
MOTION_IGNORED drag state inactive
MOTION_IGNORED drag state inactive
MOTION_IGNORED drag state inactive
MOTION_IGNORED drag state inactive
MOTION_IGNORED drag state inactive
MOTION_IGNORED drag state inactive
MOTION_IGNORED drag state inactive
MOTION_IGNORED drag state inactive
MOTION_IGNORED drag state inactive
MOTION_IGNORED drag state inactive
MOTION_IGNORED drag state inactive
MOTION_IGNORED drag state inactive
MOTION_IGNORED drag state inactive
MOTION_IGNORED drag state inactive
MOTION_IGNORED drag state inactive
MOTION_IGNORED drag state inactive
MOTION_IGNORED drag state inactive
MOTION_IGNORED drag state inactive
MOTION_IGNORED drag state inactive
MOTION_IGNORED drag state inactive
MOTION_IGNORED drag state inactive
MOTION_IGNORED drag state inactive
MOTION_IGNORED drag state inactive
MOTION_IGNORED drag state inactive
MOTION_IGNORED drag state inactive
MOTION_IGNORED drag state inactive
MOTION_IGNORED drag state inactive
MOTION_IGNORED drag state inactive
MOTION_IGNORED drag state inactive
MOTION_IGNORED drag state inactive
MOTION_IGNORED drag state inactive
MOTION_IGNORED drag state inactive
MOTION_IGNORED drag state inactive
MOTION_IGNORED drag state inactive
MOTION_IGNORED drag state inactive
MOTION_IGNORED drag state inactive
MOTION_IGNORED drag state inactive
MOTION_IGNORED drag state inactive
MOTION_IGNORED drag state inactive
MOTION_IGNORED drag state inactive
MOTION_IGNORED drag state inactive
MOTION_IGNORED drag state inactive
MOTION_IGNORED drag state inactive
MOTION_IGNORED drag state inactive
MOTION_IGNORED drag state inactive
MOTION_IGNORED drag state inactive
MOTION_IGNORED drag state inactive
MOTION_IGNORED drag state inactive
MOTION_IGNORED drag state inactive
MOTION_IGNORED drag state inactive
MOTION_IGNORED drag state inactive
MOTION_IGNORED drag state inactive
MOTION_IGNORED drag state inactive
MOTION_IGNORED drag state inactive
MOTION_IGNORED drag state inactive
MOTION_IGNORED drag state inactive
MOTION_IGNORED drag state inactive
MOTION_IGNORED drag state inactive
MOTION_IGNORED drag state inactive
MOTION_IGNORED drag state inactive
MOTION_IGNORED drag state inactive
MOTION_IGNORED drag state inactive
MOTION_IGNORED drag state inactive
MOTION_IGNORED drag state inactive
MOTION_IGNORED drag state inactive
MOTION_IGNORED drag state inactive
MOTION_IGNORED drag state inactive
MOTION_IGNORED drag state inactive
MOTION_IGNORED drag state inactive
MOTION_IGNORED drag state inactive
MOTION_IGNORED drag state inactive
MOTION_IGNORED drag state inactive
MOTION_IGNORED drag state inactive
MOTION_IGNORED drag state inactive
MOTION_IGNORED drag state inactive
MOTION_IGNORED drag state inactive
LEFT_DOWN screen=(721,121) logical=(721,121) hit=-1 ctrl=0 selectedBefore=3
LEFT_UP dragging=0 index=-1 capture=1 selected=2
MOTION_IGNORED drag state inactive
MOTION_IGNORED drag state inactive
MOTION_IGNORED drag state inactive
MOTION_IGNORED drag state inactive
LEFT_DOWN screen=(584,380) logical=(584,380) hit=-1 ctrl=0 selectedBefore=2
LEFT_UP dragging=0 index=-1 capture=1 selected=0
MOTION_IGNORED drag state inactive
MOTION_IGNORED drag state inactive
MOTION_IGNORED drag state inactive
MOTION_IGNORED drag state inactive
MOTION_IGNORED drag state inactive
MOTION_IGNORED drag state inactive
MOTION_IGNORED drag state inactive
MOTION_IGNORED drag state inactive
MOTION_IGNORED drag state inactive
MOTION_IGNORED drag state inactive
MOTION_IGNORED drag state inactive
MOTION_IGNORED drag state inactive
MOTION_IGNORED drag state inactive
MOTION_IGNORED drag state inactive
MOTION_IGNORED drag state inactive
MOTION_IGNORED drag state inactive
MOTION_IGNORED drag state inactive
MOTION_IGNORED drag state inactive
MOTION_IGNORED drag state inactive
MOTION_IGNORED drag state inactive
MOTION_IGNORED drag state inactive
MOTION_IGNORED drag state inactive
MOTION_IGNORED drag state inactive
MOTION_IGNORED drag state inactive
MOTION_IGNORED drag state inactive
MOTION_IGNORED drag state inactive
MOTION_IGNORED drag state inactive
MOTION_IGNORED drag state inactive
MOTION_IGNORED drag state inactive
MOTION_IGNORED drag state inactive
MOTION_IGNORED drag state inactive
MOTION_IGNORED drag state inactive
MOTION_IGNORED drag state inactive
MOTION_IGNORED drag state inactive
MOTION_IGNORED drag state inactive
MOTION_IGNORED drag state inactive
MOTION_IGNORED drag state inactive
MOTION_IGNORED drag state inactive
MOTION_IGNORED drag state inactive
MOTION_IGNORED drag state inactive
MOTION_IGNORED drag state inactive
MOTION_IGNORED drag state inactive
MOTION_IGNORED drag state inactive
MOTION_IGNORED drag state inactive
MOTION_IGNORED drag state inactive
MOTION_IGNORED drag state inactive
MOTION_IGNORED drag state inactive
MOTION_IGNORED drag state inactive
MOTION_IGNORED drag state inactive
MOTION_IGNORED drag state inactive
MOTION_IGNORED drag state inactive
MOTION_IGNORED drag state inactive
MOTION_IGNORED drag state inactive
MOTION_IGNORED drag state inactive
MOTION_IGNORED drag state inactive
MOTION_IGNORED drag state inactive
MOTION_IGNORED drag state inactive
MOTION_IGNORED drag state inactive
MOTION_IGNORED drag state inactive
MOTION_IGNORED drag state inactive
MOTION_IGNORED drag state inactive
MOTION_IGNORED drag state inactive
MOTION_IGNORED drag state inactive
MOTION_IGNORED drag state inactive
MOTION_IGNORED drag state inactive
MOTION_IGNORED drag state inactive
MOTION_IGNORED drag state inactive
MOTION_IGNORED drag state inactive
MOTION_IGNORED drag state inactive
MOTION_IGNORED drag state inactive
LEFT_DOWN screen=(643,338) logical=(643,338) hit=2 ctrl=0 selectedBefore=0
DRAG_ARMED index=2 id=event-00000003 startTick=2400 note=67 selectedNow=1
MOTION screen=(644,338) logical=(644,338) dx=1 dy=0 tickDelta=5 noteDelta=0 left=1 capture=1
MOTION_APPLIED tickDelta=0 noteDelta=0 selected=1
MOTION screen=(645,338) logical=(645,338) dx=2 dy=0 tickDelta=10 noteDelta=0 left=1 capture=1
MOTION_APPLIED tickDelta=0 noteDelta=0 selected=1
MOTION screen=(647,338) logical=(647,338) dx=4 dy=0 tickDelta=20 noteDelta=0 left=1 capture=1
MOTION_APPLIED tickDelta=0 noteDelta=0 selected=1
MOTION screen=(651,338) logical=(651,338) dx=8 dy=0 tickDelta=40 noteDelta=0 left=1 capture=1
MOTION_APPLIED tickDelta=0 noteDelta=0 selected=1
MOTION screen=(655,338) logical=(655,338) dx=12 dy=0 tickDelta=60 noteDelta=0 left=1 capture=1
MOTION_APPLIED tickDelta=120 noteDelta=0 selected=1
MOTION screen=(662,338) logical=(662,338) dx=19 dy=0 tickDelta=95 noteDelta=0 left=1 capture=1
MOTION_APPLIED tickDelta=120 noteDelta=0 selected=1
MOTION screen=(668,337) logical=(668,337) dx=25 dy=-1 tickDelta=125 noteDelta=1 left=1 capture=1
MOTION_APPLIED tickDelta=120 noteDelta=1 selected=1
MOTION screen=(671,336) logical=(671,336) dx=28 dy=-2 tickDelta=140 noteDelta=1 left=1 capture=1
MOTION_APPLIED tickDelta=120 noteDelta=1 selected=1
MOTION screen=(672,336) logical=(672,336) dx=29 dy=-2 tickDelta=145 noteDelta=1 left=1 capture=1
MOTION_APPLIED tickDelta=120 noteDelta=1 selected=1
MOTION screen=(673,336) logical=(673,336) dx=30 dy=-2 tickDelta=150 noteDelta=1 left=1 capture=1
MOTION_APPLIED tickDelta=120 noteDelta=1 selected=1
MOTION screen=(674,335) logical=(674,335) dx=31 dy=-3 tickDelta=155 noteDelta=1 left=1 capture=1
MOTION_APPLIED tickDelta=120 noteDelta=1 selected=1
MOTION screen=(678,335) logical=(678,335) dx=35 dy=-3 tickDelta=175 noteDelta=1 left=1 capture=1
MOTION_APPLIED tickDelta=120 noteDelta=1 selected=1
MOTION screen=(685,334) logical=(685,334) dx=42 dy=-4 tickDelta=210 noteDelta=1 left=1 capture=1
MOTION_APPLIED tickDelta=240 noteDelta=1 selected=1
MOTION screen=(688,334) logical=(688,334) dx=45 dy=-4 tickDelta=225 noteDelta=1 left=1 capture=1
MOTION_APPLIED tickDelta=240 noteDelta=1 selected=1
MOTION screen=(692,333) logical=(692,333) dx=49 dy=-5 tickDelta=244 noteDelta=1 left=1 capture=1
MOTION_APPLIED tickDelta=240 noteDelta=1 selected=1
MOTION screen=(699,332) logical=(699,332) dx=56 dy=-6 tickDelta=280 noteDelta=1 left=1 capture=1
MOTION_APPLIED tickDelta=240 noteDelta=1 selected=1
MOTION screen=(705,330) logical=(705,330) dx=62 dy=-8 tickDelta=310 noteDelta=1 left=1 capture=1
MOTION_APPLIED tickDelta=360 noteDelta=1 selected=1
MOTION screen=(709,329) logical=(709,329) dx=66 dy=-9 tickDelta=330 noteDelta=1 left=1 capture=1
MOTION_APPLIED tickDelta=360 noteDelta=1 selected=1
MOTION screen=(714,329) logical=(714,329) dx=71 dy=-9 tickDelta=355 noteDelta=1 left=1 capture=1
MOTION_APPLIED tickDelta=360 noteDelta=1 selected=1
MOTION screen=(721,328) logical=(721,328) dx=78 dy=-10 tickDelta=390 noteDelta=2 left=1 capture=1
MOTION_APPLIED tickDelta=360 noteDelta=2 selected=1
MOTION screen=(726,328) logical=(726,328) dx=83 dy=-10 tickDelta=415 noteDelta=2 left=1 capture=1
MOTION_APPLIED tickDelta=360 noteDelta=2 selected=1
MOTION screen=(732,326) logical=(732,326) dx=89 dy=-12 tickDelta=445 noteDelta=2 left=1 capture=1
MOTION_APPLIED tickDelta=480 noteDelta=2 selected=1
MOTION screen=(735,325) logical=(735,325) dx=92 dy=-13 tickDelta=460 noteDelta=2 left=1 capture=1
MOTION_APPLIED tickDelta=480 noteDelta=2 selected=1
MOTION screen=(738,324) logical=(738,324) dx=95 dy=-14 tickDelta=475 noteDelta=2 left=1 capture=1
MOTION_APPLIED tickDelta=480 noteDelta=2 selected=1
MOTION screen=(741,324) logical=(741,324) dx=98 dy=-14 tickDelta=489 noteDelta=2 left=1 capture=1
MOTION_APPLIED tickDelta=480 noteDelta=2 selected=1
MOTION screen=(742,322) logical=(742,322) dx=99 dy=-16 tickDelta=495 noteDelta=2 left=1 capture=1
MOTION_APPLIED tickDelta=480 noteDelta=2 selected=1
MOTION screen=(743,322) logical=(743,322) dx=100 dy=-16 tickDelta=500 noteDelta=2 left=1 capture=1
MOTION_APPLIED tickDelta=480 noteDelta=2 selected=1
MOTION screen=(744,322) logical=(744,322) dx=101 dy=-16 tickDelta=504 noteDelta=2 left=1 capture=1
MOTION_APPLIED tickDelta=480 noteDelta=2 selected=1
MOTION screen=(745,321) logical=(745,321) dx=102 dy=-17 tickDelta=510 noteDelta=2 left=1 capture=1
MOTION_APPLIED tickDelta=480 noteDelta=2 selected=1
MOTION screen=(747,321) logical=(747,321) dx=104 dy=-17 tickDelta=520 noteDelta=2 left=1 capture=1
MOTION_APPLIED tickDelta=480 noteDelta=2 selected=1
MOTION screen=(748,321) logical=(748,321) dx=105 dy=-17 tickDelta=525 noteDelta=2 left=1 capture=1
MOTION_APPLIED tickDelta=480 noteDelta=2 selected=1
MOTION screen=(750,321) logical=(750,321) dx=107 dy=-17 tickDelta=535 noteDelta=2 left=1 capture=1
MOTION_APPLIED tickDelta=480 noteDelta=2 selected=1
MOTION screen=(751,319) logical=(751,319) dx=108 dy=-19 tickDelta=540 noteDelta=2 left=1 capture=1
MOTION_APPLIED tickDelta=600 noteDelta=2 selected=1
MOTION screen=(752,319) logical=(752,319) dx=109 dy=-19 tickDelta=545 noteDelta=2 left=1 capture=1
MOTION_APPLIED tickDelta=600 noteDelta=2 selected=1
MOTION screen=(752,320) logical=(752,320) dx=109 dy=-18 tickDelta=545 noteDelta=2 left=1 capture=1
MOTION_APPLIED tickDelta=600 noteDelta=2 selected=1
MOTION screen=(752,322) logical=(752,322) dx=109 dy=-16 tickDelta=545 noteDelta=2 left=1 capture=1
MOTION_APPLIED tickDelta=600 noteDelta=2 selected=1
MOTION screen=(751,324) logical=(751,324) dx=108 dy=-14 tickDelta=540 noteDelta=2 left=1 capture=1
MOTION_APPLIED tickDelta=600 noteDelta=2 selected=1
MOTION screen=(750,327) logical=(750,327) dx=107 dy=-11 tickDelta=535 noteDelta=2 left=1 capture=1
MOTION_APPLIED tickDelta=480 noteDelta=2 selected=1
MOTION screen=(746,331) logical=(746,331) dx=103 dy=-7 tickDelta=515 noteDelta=1 left=1 capture=1
MOTION_APPLIED tickDelta=480 noteDelta=1 selected=1
MOTION screen=(743,336) logical=(743,336) dx=100 dy=-2 tickDelta=500 noteDelta=1 left=1 capture=1
MOTION_APPLIED tickDelta=480 noteDelta=1 selected=1
MOTION screen=(737,342) logical=(737,342) dx=94 dy=4 tickDelta=470 noteDelta=0 left=1 capture=1
MOTION_APPLIED tickDelta=480 noteDelta=0 selected=1
MOTION screen=(734,346) logical=(734,346) dx=91 dy=8 tickDelta=455 noteDelta=0 left=1 capture=1
MOTION_APPLIED tickDelta=480 noteDelta=0 selected=1
MOTION screen=(728,352) logical=(728,352) dx=85 dy=14 tickDelta=425 noteDelta=-1 left=1 capture=1
MOTION_APPLIED tickDelta=480 noteDelta=-1 selected=1
MOTION screen=(725,356) logical=(725,356) dx=82 dy=18 tickDelta=410 noteDelta=-1 left=1 capture=1
MOTION_APPLIED tickDelta=360 noteDelta=-1 selected=1
MOTION screen=(723,357) logical=(723,357) dx=80 dy=19 tickDelta=400 noteDelta=-1 left=1 capture=1
MOTION_APPLIED tickDelta=360 noteDelta=-1 selected=1
MOTION screen=(719,361) logical=(719,361) dx=76 dy=23 tickDelta=380 noteDelta=-1 left=1 capture=1
MOTION_APPLIED tickDelta=360 noteDelta=-1 selected=1
MOTION screen=(717,363) logical=(717,363) dx=74 dy=25 tickDelta=370 noteDelta=-1 left=1 capture=1
MOTION_APPLIED tickDelta=360 noteDelta=-1 selected=1
MOTION screen=(715,364) logical=(715,364) dx=72 dy=26 tickDelta=360 noteDelta=-1 left=1 capture=1
MOTION_APPLIED tickDelta=360 noteDelta=-1 selected=1
MOTION screen=(714,364) logical=(714,364) dx=71 dy=26 tickDelta=355 noteDelta=-1 left=1 capture=1
MOTION_APPLIED tickDelta=360 noteDelta=-1 selected=1
MOTION screen=(713,366) logical=(713,366) dx=70 dy=28 tickDelta=350 noteDelta=-2 left=1 capture=1
MOTION_APPLIED tickDelta=360 noteDelta=-2 selected=1
MOTION screen=(711,366) logical=(711,366) dx=68 dy=28 tickDelta=340 noteDelta=-2 left=1 capture=1
MOTION_APPLIED tickDelta=360 noteDelta=-2 selected=1
MOTION screen=(710,367) logical=(710,367) dx=67 dy=29 tickDelta=335 noteDelta=-2 left=1 capture=1
MOTION_APPLIED tickDelta=360 noteDelta=-2 selected=1
MOTION screen=(708,368) logical=(708,368) dx=65 dy=30 tickDelta=325 noteDelta=-2 left=1 capture=1
MOTION_APPLIED tickDelta=360 noteDelta=-2 selected=1
MOTION screen=(705,370) logical=(705,370) dx=62 dy=32 tickDelta=310 noteDelta=-2 left=1 capture=1
MOTION_APPLIED tickDelta=360 noteDelta=-2 selected=1
MOTION screen=(703,370) logical=(703,370) dx=60 dy=32 tickDelta=300 noteDelta=-2 left=1 capture=1
MOTION_APPLIED tickDelta=360 noteDelta=-2 selected=1
MOTION screen=(701,371) logical=(701,371) dx=58 dy=33 tickDelta=290 noteDelta=-2 left=1 capture=1
MOTION_APPLIED tickDelta=240 noteDelta=-2 selected=1
MOTION screen=(698,374) logical=(698,374) dx=55 dy=36 tickDelta=275 noteDelta=-2 left=1 capture=1
MOTION_APPLIED tickDelta=240 noteDelta=-2 selected=1
MOTION screen=(697,374) logical=(697,374) dx=54 dy=36 tickDelta=270 noteDelta=-2 left=1 capture=1
MOTION_APPLIED tickDelta=240 noteDelta=-2 selected=1
MOTION screen=(694,375) logical=(694,375) dx=51 dy=37 tickDelta=255 noteDelta=-2 left=1 capture=1
MOTION_APPLIED tickDelta=240 noteDelta=-2 selected=1
MOTION screen=(690,378) logical=(690,378) dx=47 dy=40 tickDelta=235 noteDelta=-2 left=1 capture=1
MOTION_APPLIED tickDelta=240 noteDelta=-2 selected=1
MOTION screen=(687,378) logical=(687,378) dx=44 dy=40 tickDelta=220 noteDelta=-2 left=1 capture=1
MOTION_APPLIED tickDelta=240 noteDelta=-2 selected=1
MOTION screen=(685,380) logical=(685,380) dx=42 dy=42 tickDelta=210 noteDelta=-2 left=1 capture=1
MOTION_APPLIED tickDelta=240 noteDelta=-2 selected=1
MOTION screen=(682,381) logical=(682,381) dx=39 dy=43 tickDelta=195 noteDelta=-2 left=1 capture=1
MOTION_APPLIED tickDelta=240 noteDelta=-2 selected=1
MOTION screen=(681,382) logical=(681,382) dx=38 dy=44 tickDelta=190 noteDelta=-2 left=1 capture=1
MOTION_APPLIED tickDelta=240 noteDelta=-2 selected=1
MOTION screen=(678,382) logical=(678,382) dx=35 dy=44 tickDelta=175 noteDelta=-2 left=1 capture=1
MOTION_APPLIED tickDelta=120 noteDelta=-2 selected=1
MOTION screen=(677,382) logical=(677,382) dx=34 dy=44 tickDelta=170 noteDelta=-2 left=1 capture=1
MOTION_APPLIED tickDelta=120 noteDelta=-2 selected=1
MOTION screen=(675,383) logical=(675,383) dx=32 dy=45 tickDelta=160 noteDelta=-3 left=1 capture=1
MOTION_APPLIED tickDelta=120 noteDelta=-3 selected=1
MOTION screen=(675,384) logical=(675,384) dx=32 dy=46 tickDelta=160 noteDelta=-3 left=1 capture=1
MOTION_APPLIED tickDelta=120 noteDelta=-3 selected=1
MOTION screen=(674,384) logical=(674,384) dx=31 dy=46 tickDelta=155 noteDelta=-3 left=1 capture=1
MOTION_APPLIED tickDelta=120 noteDelta=-3 selected=1
MOTION screen=(672,384) logical=(672,384) dx=29 dy=46 tickDelta=145 noteDelta=-3 left=1 capture=1
MOTION_APPLIED tickDelta=120 noteDelta=-3 selected=1
MOTION screen=(670,384) logical=(670,384) dx=27 dy=46 tickDelta=135 noteDelta=-3 left=1 capture=1
MOTION_APPLIED tickDelta=120 noteDelta=-3 selected=1
MOTION screen=(669,384) logical=(669,384) dx=26 dy=46 tickDelta=130 noteDelta=-3 left=1 capture=1
MOTION_APPLIED tickDelta=120 noteDelta=-3 selected=1
MOTION screen=(669,383) logical=(669,383) dx=26 dy=45 tickDelta=130 noteDelta=-3 left=1 capture=1
MOTION_APPLIED tickDelta=120 noteDelta=-3 selected=1
MOTION screen=(667,383) logical=(667,383) dx=24 dy=45 tickDelta=120 noteDelta=-3 left=1 capture=1
MOTION_APPLIED tickDelta=120 noteDelta=-3 selected=1
MOTION screen=(665,382) logical=(665,382) dx=22 dy=44 tickDelta=110 noteDelta=-2 left=1 capture=1
MOTION_APPLIED tickDelta=120 noteDelta=-2 selected=1
MOTION screen=(663,380) logical=(663,380) dx=20 dy=42 tickDelta=100 noteDelta=-2 left=1 capture=1
MOTION_APPLIED tickDelta=120 noteDelta=-2 selected=1
MOTION screen=(662,378) logical=(662,378) dx=19 dy=40 tickDelta=95 noteDelta=-2 left=1 capture=1
MOTION_APPLIED tickDelta=120 noteDelta=-2 selected=1
MOTION screen=(661,378) logical=(661,378) dx=18 dy=40 tickDelta=90 noteDelta=-2 left=1 capture=1
MOTION_APPLIED tickDelta=120 noteDelta=-2 selected=1
MOTION screen=(660,377) logical=(660,377) dx=17 dy=39 tickDelta=85 noteDelta=-2 left=1 capture=1
MOTION_APPLIED tickDelta=120 noteDelta=-2 selected=1
MOTION screen=(659,375) logical=(659,375) dx=16 dy=37 tickDelta=80 noteDelta=-2 left=1 capture=1
MOTION_APPLIED tickDelta=120 noteDelta=-2 selected=1
MOTION screen=(658,374) logical=(658,374) dx=15 dy=36 tickDelta=75 noteDelta=-2 left=1 capture=1
MOTION_APPLIED tickDelta=120 noteDelta=-2 selected=1
MOTION screen=(658,373) logical=(658,373) dx=15 dy=35 tickDelta=75 noteDelta=-2 left=1 capture=1
MOTION_APPLIED tickDelta=120 noteDelta=-2 selected=1
MOTION screen=(658,372) logical=(658,372) dx=15 dy=34 tickDelta=75 noteDelta=-2 left=1 capture=1
MOTION_APPLIED tickDelta=120 noteDelta=-2 selected=1
MOTION screen=(657,372) logical=(657,372) dx=14 dy=34 tickDelta=70 noteDelta=-2 left=1 capture=1
MOTION_APPLIED tickDelta=120 noteDelta=-2 selected=1
MOTION screen=(657,371) logical=(657,371) dx=14 dy=33 tickDelta=70 noteDelta=-2 left=1 capture=1
MOTION_APPLIED tickDelta=120 noteDelta=-2 selected=1
MOTION screen=(657,369) logical=(657,369) dx=14 dy=31 tickDelta=70 noteDelta=-2 left=1 capture=1
MOTION_APPLIED tickDelta=120 noteDelta=-2 selected=1
MOTION screen=(657,368) logical=(657,368) dx=14 dy=30 tickDelta=70 noteDelta=-2 left=1 capture=1
MOTION_APPLIED tickDelta=120 noteDelta=-2 selected=1
MOTION screen=(657,367) logical=(657,367) dx=14 dy=29 tickDelta=70 noteDelta=-2 left=1 capture=1
MOTION_APPLIED tickDelta=120 noteDelta=-2 selected=1
MOTION screen=(657,366) logical=(657,366) dx=14 dy=28 tickDelta=70 noteDelta=-2 left=1 capture=1
MOTION_APPLIED tickDelta=120 noteDelta=-2 selected=1
MOTION screen=(657,364) logical=(657,364) dx=14 dy=26 tickDelta=70 noteDelta=-1 left=1 capture=1
MOTION_APPLIED tickDelta=120 noteDelta=-1 selected=1
MOTION screen=(657,363) logical=(657,363) dx=14 dy=25 tickDelta=70 noteDelta=-1 left=1 capture=1
MOTION_APPLIED tickDelta=120 noteDelta=-1 selected=1
MOTION screen=(657,361) logical=(657,361) dx=14 dy=23 tickDelta=70 noteDelta=-1 left=1 capture=1
MOTION_APPLIED tickDelta=120 noteDelta=-1 selected=1
MOTION screen=(657,360) logical=(657,360) dx=14 dy=22 tickDelta=70 noteDelta=-1 left=1 capture=1
MOTION_APPLIED tickDelta=120 noteDelta=-1 selected=1
MOTION screen=(657,358) logical=(657,358) dx=14 dy=20 tickDelta=70 noteDelta=-1 left=1 capture=1
MOTION_APPLIED tickDelta=120 noteDelta=-1 selected=1
MOTION screen=(657,357) logical=(657,357) dx=14 dy=19 tickDelta=70 noteDelta=-1 left=1 capture=1
MOTION_APPLIED tickDelta=120 noteDelta=-1 selected=1
MOTION screen=(657,356) logical=(657,356) dx=14 dy=18 tickDelta=70 noteDelta=-1 left=1 capture=1
MOTION_APPLIED tickDelta=120 noteDelta=-1 selected=1
MOTION screen=(657,354) logical=(657,354) dx=14 dy=16 tickDelta=70 noteDelta=-1 left=1 capture=1
MOTION_APPLIED tickDelta=120 noteDelta=-1 selected=1
MOTION screen=(657,353) logical=(657,353) dx=14 dy=15 tickDelta=70 noteDelta=-1 left=1 capture=1
MOTION_APPLIED tickDelta=120 noteDelta=-1 selected=1
MOTION screen=(657,352) logical=(657,352) dx=14 dy=14 tickDelta=70 noteDelta=-1 left=1 capture=1
MOTION_APPLIED tickDelta=120 noteDelta=-1 selected=1
MOTION screen=(657,350) logical=(657,350) dx=14 dy=12 tickDelta=70 noteDelta=-1 left=1 capture=1
MOTION_APPLIED tickDelta=120 noteDelta=-1 selected=1
MOTION screen=(657,348) logical=(657,348) dx=14 dy=10 tickDelta=70 noteDelta=-1 left=1 capture=1
MOTION_APPLIED tickDelta=120 noteDelta=-1 selected=1
MOTION screen=(657,347) logical=(657,347) dx=14 dy=9 tickDelta=70 noteDelta=-1 left=1 capture=1
MOTION_APPLIED tickDelta=120 noteDelta=-1 selected=1
MOTION screen=(658,345) logical=(658,345) dx=15 dy=7 tickDelta=75 noteDelta=0 left=1 capture=1
MOTION_APPLIED tickDelta=120 noteDelta=0 selected=1
MOTION screen=(658,344) logical=(658,344) dx=15 dy=6 tickDelta=75 noteDelta=0 left=1 capture=1
MOTION_APPLIED tickDelta=120 noteDelta=0 selected=1
LEFT_UP dragging=1 index=2 capture=1 selected=1
MOTION_IGNORED drag state inactive
MOTION_IGNORED drag state inactive
MOTION_IGNORED drag state inactive
MOTION_IGNORED drag state inactive
MOTION_IGNORED drag state inactive
MOTION_IGNORED drag state inactive
MOTION_IGNORED drag state inactive
MOTION_IGNORED drag state inactive
MOTION_IGNORED drag state inactive
MOTION_IGNORED drag state inactive
MOTION_IGNORED drag state inactive
MOTION_IGNORED drag state inactive
MOTION_IGNORED drag state inactive
MOTION_IGNORED drag state inactive
MOTION_IGNORED drag state inactive
MOTION_IGNORED drag state inactive
MOTION_IGNORED drag state inactive
MOTION_IGNORED drag state inactive
MOTION_IGNORED drag state inactive
MOTION_IGNORED drag state inactive
MOTION_IGNORED drag state inactive
MOTION_IGNORED drag state inactive
MOTION_IGNORED drag state inactive
MOTION_IGNORED drag state inactive
MOTION_IGNORED drag state inactive
MOTION_IGNORED drag state inactive
MOTION_IGNORED drag state inactive
MOTION_IGNORED drag state inactive
MOTION_IGNORED drag state inactive
MOTION_IGNORED drag state inactive
MOTION_IGNORED drag state inactive
MOTION_IGNORED drag state inactive
MOTION_IGNORED drag state inactive
MOTION_IGNORED drag state inactive
MOTION_IGNORED drag state inactive
MOTION_IGNORED drag state inactive
MOTION_IGNORED drag state inactive
MOTION_IGNORED drag state inactive
MOTION_IGNORED drag state inactive
MOTION_IGNORED drag state inactive
MOTION_IGNORED drag state inactive
MOTION_IGNORED drag state inactive
MOTION_IGNORED drag state inactive
MOTION_IGNORED drag state inactive
MOTION_IGNORED drag state inactive
MOTION_IGNORED drag state inactive
MOTION_IGNORED drag state inactive
MOTION_IGNORED drag state inactive
MOTION_IGNORED drag state inactive
MOTION_IGNORED drag state inactive
MOTION_IGNORED drag state inactive
MOTION_IGNORED drag state inactive
MOTION_IGNORED drag state inactive
MOTION_IGNORED drag state inactive
MOTION_IGNORED drag state inactive
MOTION_IGNORED drag state inactive
MOTION_IGNORED drag state inactive
MOTION_IGNORED drag state inactive
MOTION_IGNORED drag state inactive
MOTION_IGNORED drag state inactive
MOTION_IGNORED drag state inactive
MOTION_IGNORED drag state inactive
MOTION_IGNORED drag state inactive
MOTION_IGNORED drag state inactive
MOTION_IGNORED drag state inactive
MOTION_IGNORED drag state inactive
MOTION_IGNORED drag state inactive
MOTION_IGNORED drag state inactive
MOTION_IGNORED drag state inactive
MOTION_IGNORED drag state inactive
MOTION_IGNORED drag state inactive
MOTION_IGNORED drag state inactive
MOTION_IGNORED drag state inactive
MOTION_IGNORED drag state inactive
MOTION_IGNORED drag state inactive
MOTION_IGNORED drag state inactive
MOTION_IGNORED drag state inactive
MOTION_IGNORED drag state inactive
MOTION_IGNORED drag state inactive
MOTION_IGNORED drag state inactive
MOTION_IGNORED drag state inactive
MOTION_IGNORED drag state inactive
MOTION_IGNORED drag state inactive
MOTION_IGNORED drag state inactive
MOTION_IGNORED drag state inactive
MOTION_IGNORED drag state inactive
MOTION_IGNORED drag state inactive
MOTION_IGNORED drag state inactive
MOTION_IGNORED drag state inactive
LEFT_DOWN screen=(742,143) logical=(742,143) hit=-1 ctrl=0 selectedBefore=1
LEFT_UP dragging=0 index=-1 capture=1 selected=2
MOTION_IGNORED drag state inactive
MOTION_IGNORED drag state inactive
MOTION_IGNORED drag state inactive
MOTION_IGNORED drag state inactive
MOTION_IGNORED drag state inactive
MOTION_IGNORED drag state inactive
MOTION_IGNORED drag state inactive
MOTION_IGNORED drag state inactive
MOTION_IGNORED drag state inactive
MOTION_IGNORED drag state inactive
MOTION_IGNORED drag state inactive
MOTION_IGNORED drag state inactive
MOTION_IGNORED drag state inactive
MOTION_IGNORED drag state inactive
MOTION_IGNORED drag state inactive
MOTION_IGNORED drag state inactive
MOTION_IGNORED drag state inactive
MOTION_IGNORED drag state inactive
MOTION_IGNORED drag state inactive
MOTION_IGNORED drag state inactive
MOTION_IGNORED drag state inactive
MOTION_IGNORED drag state inactive
MOTION_IGNORED drag state inactive
MOTION_IGNORED drag state inactive
MOTION_IGNORED drag state inactive
MOTION_IGNORED drag state inactive
MOTION_IGNORED drag state inactive
MOTION_IGNORED drag state inactive
MOTION_IGNORED drag state inactive
MOTION_IGNORED drag state inactive
MOTION_IGNORED drag state inactive
MOTION_IGNORED drag state inactive
MOTION_IGNORED drag state inactive
MOTION_IGNORED drag state inactive
MOTION_IGNORED drag state inactive
MOTION_IGNORED drag state inactive
MOTION_IGNORED drag state inactive
MOTION_IGNORED drag state inactive
LEFT_DOWN screen=(497,342) logical=(497,342) hit=4 ctrl=0 selectedBefore=2
DRAG_ARMED index=4 id=event-00000005 startTick=1440 note=67 selectedNow=2
MOTION screen=(498,341) logical=(498,341) dx=1 dy=-1 tickDelta=5 noteDelta=1 left=1 capture=1
MOTION_APPLIED tickDelta=0 noteDelta=1 selected=2
MOTION screen=(499,341) logical=(499,341) dx=2 dy=-1 tickDelta=10 noteDelta=1 left=1 capture=1
MOTION_APPLIED tickDelta=0 noteDelta=1 selected=2
MOTION screen=(501,341) logical=(501,341) dx=4 dy=-1 tickDelta=20 noteDelta=1 left=1 capture=1
MOTION_APPLIED tickDelta=0 noteDelta=1 selected=2
MOTION screen=(502,341) logical=(502,341) dx=5 dy=-1 tickDelta=25 noteDelta=1 left=1 capture=1
MOTION_APPLIED tickDelta=0 noteDelta=1 selected=2
MOTION screen=(502,340) logical=(502,340) dx=5 dy=-2 tickDelta=25 noteDelta=1 left=1 capture=1
MOTION_APPLIED tickDelta=0 noteDelta=1 selected=2
MOTION screen=(504,340) logical=(504,340) dx=7 dy=-2 tickDelta=35 noteDelta=1 left=1 capture=1
MOTION_APPLIED tickDelta=0 noteDelta=1 selected=2
MOTION screen=(505,340) logical=(505,340) dx=8 dy=-2 tickDelta=40 noteDelta=1 left=1 capture=1
MOTION_APPLIED tickDelta=0 noteDelta=1 selected=2
MOTION screen=(507,340) logical=(507,340) dx=10 dy=-2 tickDelta=50 noteDelta=1 left=1 capture=1
MOTION_APPLIED tickDelta=0 noteDelta=1 selected=2
MOTION screen=(508,340) logical=(508,340) dx=11 dy=-2 tickDelta=55 noteDelta=1 left=1 capture=1
MOTION_APPLIED tickDelta=0 noteDelta=1 selected=2
MOTION screen=(510,340) logical=(510,340) dx=13 dy=-2 tickDelta=65 noteDelta=1 left=1 capture=1
MOTION_APPLIED tickDelta=120 noteDelta=1 selected=2
MOTION screen=(511,340) logical=(511,340) dx=14 dy=-2 tickDelta=70 noteDelta=1 left=1 capture=1
MOTION_APPLIED tickDelta=120 noteDelta=1 selected=2
MOTION screen=(516,341) logical=(516,341) dx=19 dy=-1 tickDelta=95 noteDelta=1 left=1 capture=1
MOTION_APPLIED tickDelta=120 noteDelta=1 selected=2
MOTION screen=(518,342) logical=(518,342) dx=21 dy=0 tickDelta=105 noteDelta=0 left=1 capture=1
MOTION_APPLIED tickDelta=120 noteDelta=0 selected=2
MOTION screen=(521,342) logical=(521,342) dx=24 dy=0 tickDelta=120 noteDelta=0 left=1 capture=1
MOTION_APPLIED tickDelta=120 noteDelta=0 selected=2
MOTION screen=(522,343) logical=(522,343) dx=25 dy=1 tickDelta=125 noteDelta=0 left=1 capture=1
MOTION_APPLIED tickDelta=120 noteDelta=0 selected=2
MOTION screen=(525,343) logical=(525,343) dx=28 dy=1 tickDelta=140 noteDelta=0 left=1 capture=1
MOTION_APPLIED tickDelta=120 noteDelta=0 selected=2
MOTION screen=(529,345) logical=(529,345) dx=32 dy=3 tickDelta=160 noteDelta=0 left=1 capture=1
MOTION_APPLIED tickDelta=120 noteDelta=0 selected=2
MOTION screen=(532,346) logical=(532,346) dx=35 dy=4 tickDelta=175 noteDelta=0 left=1 capture=1
MOTION_APPLIED tickDelta=120 noteDelta=0 selected=2
MOTION screen=(534,346) logical=(534,346) dx=37 dy=4 tickDelta=185 noteDelta=0 left=1 capture=1
MOTION_APPLIED tickDelta=240 noteDelta=0 selected=2
MOTION screen=(536,347) logical=(536,347) dx=39 dy=5 tickDelta=195 noteDelta=0 left=1 capture=1
MOTION_APPLIED tickDelta=240 noteDelta=0 selected=2
MOTION screen=(537,349) logical=(537,349) dx=40 dy=7 tickDelta=200 noteDelta=0 left=1 capture=1
MOTION_APPLIED tickDelta=240 noteDelta=0 selected=2
MOTION screen=(538,349) logical=(538,349) dx=41 dy=7 tickDelta=205 noteDelta=0 left=1 capture=1
MOTION_APPLIED tickDelta=240 noteDelta=0 selected=2
MOTION screen=(540,350) logical=(540,350) dx=43 dy=8 tickDelta=215 noteDelta=0 left=1 capture=1
MOTION_APPLIED tickDelta=240 noteDelta=0 selected=2
MOTION screen=(543,353) logical=(543,353) dx=46 dy=11 tickDelta=230 noteDelta=-1 left=1 capture=1
MOTION_APPLIED tickDelta=240 noteDelta=-1 selected=2
MOTION screen=(545,353) logical=(545,353) dx=48 dy=11 tickDelta=240 noteDelta=-1 left=1 capture=1
MOTION_APPLIED tickDelta=240 noteDelta=-1 selected=2
MOTION screen=(547,354) logical=(547,354) dx=50 dy=12 tickDelta=250 noteDelta=-1 left=1 capture=1
MOTION_APPLIED tickDelta=240 noteDelta=-1 selected=2
MOTION screen=(549,356) logical=(549,356) dx=52 dy=14 tickDelta=260 noteDelta=-1 left=1 capture=1
MOTION_APPLIED tickDelta=240 noteDelta=-1 selected=2
MOTION screen=(551,357) logical=(551,357) dx=54 dy=15 tickDelta=270 noteDelta=-1 left=1 capture=1
MOTION_APPLIED tickDelta=240 noteDelta=-1 selected=2
MOTION screen=(553,358) logical=(553,358) dx=56 dy=16 tickDelta=280 noteDelta=-1 left=1 capture=1
MOTION_APPLIED tickDelta=240 noteDelta=-1 selected=2
MOTION screen=(556,360) logical=(556,360) dx=59 dy=18 tickDelta=295 noteDelta=-1 left=1 capture=1
MOTION_APPLIED tickDelta=240 noteDelta=-1 selected=2
MOTION screen=(558,360) logical=(558,360) dx=61 dy=18 tickDelta=305 noteDelta=-1 left=1 capture=1
MOTION_APPLIED tickDelta=360 noteDelta=-1 selected=2
MOTION screen=(560,361) logical=(560,361) dx=63 dy=19 tickDelta=315 noteDelta=-1 left=1 capture=1
MOTION_APPLIED tickDelta=360 noteDelta=-1 selected=2
MOTION screen=(563,364) logical=(563,364) dx=66 dy=22 tickDelta=330 noteDelta=-1 left=1 capture=1
MOTION_APPLIED tickDelta=360 noteDelta=-1 selected=2
MOTION screen=(565,364) logical=(565,364) dx=68 dy=22 tickDelta=340 noteDelta=-1 left=1 capture=1
MOTION_APPLIED tickDelta=360 noteDelta=-1 selected=2
MOTION screen=(565,365) logical=(565,365) dx=68 dy=23 tickDelta=340 noteDelta=-1 left=1 capture=1
MOTION_APPLIED tickDelta=360 noteDelta=-1 selected=2
MOTION screen=(567,366) logical=(567,366) dx=70 dy=24 tickDelta=350 noteDelta=-1 left=1 capture=1
MOTION_APPLIED tickDelta=360 noteDelta=-1 selected=2
MOTION screen=(569,367) logical=(569,367) dx=72 dy=25 tickDelta=360 noteDelta=-1 left=1 capture=1
MOTION_APPLIED tickDelta=360 noteDelta=-1 selected=2
MOTION screen=(571,368) logical=(571,368) dx=74 dy=26 tickDelta=370 noteDelta=-1 left=1 capture=1
MOTION_APPLIED tickDelta=360 noteDelta=-1 selected=2
MOTION screen=(572,370) logical=(572,370) dx=75 dy=28 tickDelta=375 noteDelta=-2 left=1 capture=1
MOTION_APPLIED tickDelta=360 noteDelta=-2 selected=2
MOTION screen=(575,372) logical=(575,372) dx=78 dy=30 tickDelta=390 noteDelta=-2 left=1 capture=1
MOTION_APPLIED tickDelta=360 noteDelta=-2 selected=2
MOTION screen=(580,374) logical=(580,374) dx=83 dy=32 tickDelta=415 noteDelta=-2 left=1 capture=1
MOTION_APPLIED tickDelta=360 noteDelta=-2 selected=2
MOTION screen=(588,376) logical=(588,376) dx=91 dy=34 tickDelta=455 noteDelta=-2 left=1 capture=1
MOTION_APPLIED tickDelta=480 noteDelta=-2 selected=2
MOTION screen=(597,381) logical=(597,381) dx=100 dy=39 tickDelta=500 noteDelta=-2 left=1 capture=1
MOTION_APPLIED tickDelta=480 noteDelta=-2 selected=2
MOTION screen=(605,384) logical=(605,384) dx=108 dy=42 tickDelta=540 noteDelta=-2 left=1 capture=1
MOTION_APPLIED tickDelta=600 noteDelta=-2 selected=2
MOTION screen=(611,386) logical=(611,386) dx=114 dy=44 tickDelta=570 noteDelta=-2 left=1 capture=1
MOTION_APPLIED tickDelta=600 noteDelta=-2 selected=2
MOTION screen=(619,389) logical=(619,389) dx=122 dy=47 tickDelta=610 noteDelta=-3 left=1 capture=1
MOTION_APPLIED tickDelta=600 noteDelta=-3 selected=2
MOTION screen=(626,391) logical=(626,391) dx=129 dy=49 tickDelta=645 noteDelta=-3 left=1 capture=1
MOTION_APPLIED tickDelta=600 noteDelta=-3 selected=2
MOTION screen=(631,392) logical=(631,392) dx=134 dy=50 tickDelta=670 noteDelta=-3 left=1 capture=1
MOTION_APPLIED tickDelta=720 noteDelta=-3 selected=2
MOTION screen=(637,395) logical=(637,395) dx=140 dy=53 tickDelta=700 noteDelta=-3 left=1 capture=1
MOTION_APPLIED tickDelta=720 noteDelta=-3 selected=2
MOTION screen=(640,396) logical=(640,396) dx=143 dy=54 tickDelta=715 noteDelta=-3 left=1 capture=1
MOTION_APPLIED tickDelta=720 noteDelta=-3 selected=2
MOTION screen=(646,399) logical=(646,399) dx=149 dy=57 tickDelta=745 noteDelta=-3 left=1 capture=1
MOTION_APPLIED tickDelta=720 noteDelta=-3 selected=2
MOTION screen=(664,405) logical=(664,405) dx=167 dy=63 tickDelta=835 noteDelta=-4 left=1 capture=1
MOTION_APPLIED tickDelta=840 noteDelta=-4 selected=2
MOTION screen=(668,405) logical=(668,405) dx=171 dy=63 tickDelta=855 noteDelta=-4 left=1 capture=1
MOTION_APPLIED tickDelta=840 noteDelta=-4 selected=2
MOTION screen=(674,408) logical=(674,408) dx=177 dy=66 tickDelta=885 noteDelta=-4 left=1 capture=1
MOTION_APPLIED tickDelta=840 noteDelta=-4 selected=2
MOTION screen=(675,409) logical=(675,409) dx=178 dy=67 tickDelta=890 noteDelta=-4 left=1 capture=1
MOTION_APPLIED tickDelta=840 noteDelta=-4 selected=2
MOTION screen=(678,411) logical=(678,411) dx=181 dy=69 tickDelta=905 noteDelta=-4 left=1 capture=1
MOTION_APPLIED tickDelta=960 noteDelta=-4 selected=2
MOTION screen=(682,413) logical=(682,413) dx=185 dy=71 tickDelta=925 noteDelta=-4 left=1 capture=1
MOTION_APPLIED tickDelta=960 noteDelta=-4 selected=2
MOTION screen=(685,415) logical=(685,415) dx=188 dy=73 tickDelta=940 noteDelta=-4 left=1 capture=1
MOTION_APPLIED tickDelta=960 noteDelta=-4 selected=2
MOTION screen=(701,422) logical=(701,422) dx=204 dy=80 tickDelta=1020 noteDelta=-4 left=1 capture=1
MOTION_APPLIED tickDelta=1080 noteDelta=-4 selected=2
MOTION screen=(712,425) logical=(712,425) dx=215 dy=83 tickDelta=1075 noteDelta=-5 left=1 capture=1
MOTION_APPLIED tickDelta=1080 noteDelta=-5 selected=2
MOTION screen=(720,428) logical=(720,428) dx=223 dy=86 tickDelta=1115 noteDelta=-5 left=1 capture=1
MOTION_APPLIED tickDelta=1080 noteDelta=-5 selected=2
MOTION screen=(730,431) logical=(730,431) dx=233 dy=89 tickDelta=1165 noteDelta=-5 left=1 capture=1
MOTION_APPLIED tickDelta=1200 noteDelta=-5 selected=2
MOTION screen=(741,434) logical=(741,434) dx=244 dy=92 tickDelta=1220 noteDelta=-5 left=1 capture=1
MOTION_APPLIED tickDelta=1200 noteDelta=-5 selected=2
MOTION screen=(751,435) logical=(751,435) dx=254 dy=93 tickDelta=1270 noteDelta=-5 left=1 capture=1
MOTION_APPLIED tickDelta=1320 noteDelta=-5 selected=2
MOTION screen=(761,439) logical=(761,439) dx=264 dy=97 tickDelta=1320 noteDelta=-5 left=1 capture=1
MOTION_APPLIED tickDelta=1320 noteDelta=-5 selected=2
MOTION screen=(767,439) logical=(767,439) dx=270 dy=97 tickDelta=1350 noteDelta=-5 left=1 capture=1
MOTION_APPLIED tickDelta=1320 noteDelta=-5 selected=2
MOTION screen=(780,444) logical=(780,444) dx=283 dy=102 tickDelta=1415 noteDelta=-6 left=1 capture=1
MOTION_APPLIED tickDelta=1440 noteDelta=-6 selected=2
MOTION screen=(781,445) logical=(781,445) dx=284 dy=103 tickDelta=1420 noteDelta=-6 left=1 capture=1
MOTION_APPLIED tickDelta=1440 noteDelta=-6 selected=2
MOTION screen=(782,445) logical=(782,445) dx=285 dy=103 tickDelta=1425 noteDelta=-6 left=1 capture=1
MOTION_APPLIED tickDelta=1440 noteDelta=-6 selected=2
MOTION screen=(782,446) logical=(782,446) dx=285 dy=104 tickDelta=1425 noteDelta=-6 left=1 capture=1
MOTION_APPLIED tickDelta=1440 noteDelta=-6 selected=2
MOTION screen=(782,447) logical=(782,447) dx=285 dy=105 tickDelta=1425 noteDelta=-6 left=1 capture=1
MOTION_APPLIED tickDelta=1440 noteDelta=-6 selected=2
MOTION screen=(782,450) logical=(782,450) dx=285 dy=108 tickDelta=1425 noteDelta=-6 left=1 capture=1
MOTION_APPLIED tickDelta=1440 noteDelta=-6 selected=2
MOTION screen=(782,451) logical=(782,451) dx=285 dy=109 tickDelta=1425 noteDelta=-6 left=1 capture=1
MOTION_APPLIED tickDelta=1440 noteDelta=-6 selected=2
MOTION screen=(782,453) logical=(782,453) dx=285 dy=111 tickDelta=1425 noteDelta=-6 left=1 capture=1
MOTION_APPLIED tickDelta=1440 noteDelta=-6 selected=2
MOTION screen=(782,454) logical=(782,454) dx=285 dy=112 tickDelta=1425 noteDelta=-6 left=1 capture=1
MOTION_APPLIED tickDelta=1440 noteDelta=-6 selected=2
MOTION screen=(782,456) logical=(782,456) dx=285 dy=114 tickDelta=1425 noteDelta=-6 left=1 capture=1
MOTION_APPLIED tickDelta=1440 noteDelta=-6 selected=2
MOTION screen=(782,458) logical=(782,458) dx=285 dy=116 tickDelta=1425 noteDelta=-6 left=1 capture=1
MOTION_APPLIED tickDelta=1440 noteDelta=-6 selected=2
MOTION screen=(782,461) logical=(782,461) dx=285 dy=119 tickDelta=1425 noteDelta=-7 left=1 capture=1
MOTION_APPLIED tickDelta=1440 noteDelta=-7 selected=2
MOTION screen=(782,463) logical=(782,463) dx=285 dy=121 tickDelta=1425 noteDelta=-7 left=1 capture=1
MOTION_APPLIED tickDelta=1440 noteDelta=-7 selected=2
MOTION screen=(782,464) logical=(782,464) dx=285 dy=122 tickDelta=1425 noteDelta=-7 left=1 capture=1
MOTION_APPLIED tickDelta=1440 noteDelta=-7 selected=2
MOTION screen=(783,469) logical=(783,469) dx=286 dy=127 tickDelta=1430 noteDelta=-7 left=1 capture=1
MOTION_APPLIED tickDelta=1440 noteDelta=-7 selected=2
MOTION screen=(784,470) logical=(784,470) dx=287 dy=128 tickDelta=1435 noteDelta=-7 left=1 capture=1
MOTION_APPLIED tickDelta=1440 noteDelta=-7 selected=2
MOTION screen=(784,473) logical=(784,473) dx=287 dy=131 tickDelta=1435 noteDelta=-7 left=1 capture=1
MOTION_APPLIED tickDelta=1440 noteDelta=-7 selected=2
MOTION screen=(784,474) logical=(784,474) dx=287 dy=132 tickDelta=1435 noteDelta=-7 left=1 capture=1
MOTION_APPLIED tickDelta=1440 noteDelta=-7 selected=2
MOTION screen=(784,475) logical=(784,475) dx=287 dy=133 tickDelta=1435 noteDelta=-7 left=1 capture=1
MOTION_APPLIED tickDelta=1440 noteDelta=-7 selected=2
LEFT_UP dragging=1 index=4 capture=1 selected=2
MOTION_IGNORED drag state inactive
MOTION_IGNORED drag state inactive
MOTION_IGNORED drag state inactive
MOTION_IGNORED drag state inactive
MOTION_IGNORED drag state inactive
MOTION_IGNORED drag state inactive
MOTION_IGNORED drag state inactive
MOTION_IGNORED drag state inactive
MOTION_IGNORED drag state inactive
MOTION_IGNORED drag state inactive
MOTION_IGNORED drag state inactive
MOTION_IGNORED drag state inactive
MOTION_IGNORED drag state inactive
MOTION_IGNORED drag state inactive
MOTION_IGNORED drag state inactive
MOTION_IGNORED drag state inactive
MOTION_IGNORED drag state inactive
MOTION_IGNORED drag state inactive
MOTION_IGNORED drag state inactive
MOTION_IGNORED drag state inactive
MOTION_IGNORED drag state inactive
MOTION_IGNORED drag state inactive
MOTION_IGNORED drag state inactive
MOTION_IGNORED drag state inactive
MOTION_IGNORED drag state inactive
MOTION_IGNORED drag state inactive
MOTION_IGNORED drag state inactive
MOTION_IGNORED drag state inactive
MOTION_IGNORED drag state inactive
MOTION_IGNORED drag state inactive
MOTION_IGNORED drag state inactive
LEFT_DOWN screen=(775,411) logical=(775,411) hit=-1 ctrl=0 selectedBefore=2
LEFT_UP dragging=0 index=-1 capture=1 selected=0
MOTION_IGNORED drag state inactive
MOTION_IGNORED drag state inactive
MOTION_IGNORED drag state inactive
MOTION_IGNORED drag state inactive
MOTION_IGNORED drag state inactive
MOTION_IGNORED drag state inactive
MOTION_IGNORED drag state inactive
MOTION_IGNORED drag state inactive
MOTION_IGNORED drag state inactive
MOTION_IGNORED drag state inactive
MOTION_IGNORED drag state inactive
MOTION_IGNORED drag state inactive
MOTION_IGNORED drag state inactive
MOTION_IGNORED drag state inactive
MOTION_IGNORED drag state inactive
MOTION_IGNORED drag state inactive
MOTION_IGNORED drag state inactive
MOTION_IGNORED drag state inactive
MOTION_IGNORED drag state inactive
MOTION_IGNORED drag state inactive
MOTION_IGNORED drag state inactive
MOTION_IGNORED drag state inactive
MOTION_IGNORED drag state inactive
MOTION_IGNORED drag state inactive
MOTION_IGNORED drag state inactive
MOTION_IGNORED drag state inactive
MOTION_IGNORED drag state inactive
MOTION_IGNORED drag state inactive
MOTION_IGNORED drag state inactive
MOTION_IGNORED drag state inactive
MOTION_IGNORED drag state inactive
MOTION_IGNORED drag state inactive
MOTION_IGNORED drag state inactive
MOTION_IGNORED drag state inactive
MOTION_IGNORED drag state inactive
MOTION_IGNORED drag state inactive
MOTION_IGNORED drag state inactive
MOTION_IGNORED drag state inactive
MOTION_IGNORED drag state inactive
MOTION_IGNORED drag state inactive
MOTION_IGNORED drag state inactive
MOTION_IGNORED drag state inactive
MOTION_IGNORED drag state inactive
MOTION_IGNORED drag state inactive
MOTION_IGNORED drag state inactive
MOTION_IGNORED drag state inactive
MOTION_IGNORED drag state inactive
MOTION_IGNORED drag state inactive
MOTION_IGNORED drag state inactive
MOTION_IGNORED drag state inactive
MOTION_IGNORED drag state inactive
MOTION_IGNORED drag state inactive
MOTION_IGNORED drag state inactive
MOTION_IGNORED drag state inactive
MOTION_IGNORED drag state inactive
MOTION_IGNORED drag state inactive
LEFT_DOWN screen=(724,462) logical=(724,462) hit=4 ctrl=0 selectedBefore=0
DRAG_ARMED index=4 id=event-00000005 startTick=2880 note=60 selectedNow=1
LEFT_UP dragging=1 index=4 capture=1 selected=1
MOTION_IGNORED drag state inactive
MOTION_IGNORED drag state inactive
MOTION_IGNORED drag state inactive
MOTION_IGNORED drag state inactive
MOTION_IGNORED drag state inactive
MOTION_IGNORED drag state inactive
MOTION_IGNORED drag state inactive
MOTION_IGNORED drag state inactive
MOTION_IGNORED drag state inactive
MOTION_IGNORED drag state inactive
MOTION_IGNORED drag state inactive
MOTION_IGNORED drag state inactive
MOTION_IGNORED drag state inactive
MOTION_IGNORED drag state inactive
MOTION_IGNORED drag state inactive
MOTION_IGNORED drag state inactive
MOTION_IGNORED drag state inactive
MOTION_IGNORED drag state inactive
MOTION_IGNORED drag state inactive
MOTION_IGNORED drag state inactive
MOTION_IGNORED drag state inactive
MOTION_IGNORED drag state inactive
MOTION_IGNORED drag state inactive
MOTION_IGNORED drag state inactive
MOTION_IGNORED drag state inactive
MOTION_IGNORED drag state inactive
MOTION_IGNORED drag state inactive
MOTION_IGNORED drag state inactive
MOTION_IGNORED drag state inactive
MOTION_IGNORED drag state inactive
MOTION_IGNORED drag state inactive
MOTION_IGNORED drag state inactive
MOTION_IGNORED drag state inactive
MOTION_IGNORED drag state inactive
MOTION_IGNORED drag state inactive
MOTION_IGNORED drag state inactive
MOTION_IGNORED drag state inactive
MOTION_IGNORED drag state inactive
MOTION_IGNORED drag state inactive
MOTION_IGNORED drag state inactive
MOTION_IGNORED drag state inactive
MOTION_IGNORED drag state inactive
MOTION_IGNORED drag state inactive
MOTION_IGNORED drag state inactive
MOTION_IGNORED drag state inactive
MOTION_IGNORED drag state inactive
MOTION_IGNORED drag state inactive
MOTION_IGNORED drag state inactive
MOTION_IGNORED drag state inactive
MOTION_IGNORED drag state inactive
MOTION_IGNORED drag state inactive
MOTION_IGNORED drag state inactive
MOTION_IGNORED drag state inactive
MOTION_IGNORED drag state inactive
MOTION_IGNORED drag state inactive
MOTION_IGNORED drag state inactive
MOTION_IGNORED drag state inactive
MOTION_IGNORED drag state inactive
MOTION_IGNORED drag state inactive
MOTION_IGNORED drag state inactive
MOTION_IGNORED drag state inactive
MOTION_IGNORED drag state inactive
MOTION_IGNORED drag state inactive
MOTION_IGNORED drag state inactive
MOTION_IGNORED drag state inactive
MOTION_IGNORED drag state inactive
MOTION_IGNORED drag state inactive
MOTION_IGNORED drag state inactive
MOTION_IGNORED drag state inactive
MOTION_IGNORED drag state inactive
MOTION_IGNORED drag state inactive
MOTION_IGNORED drag state inactive
MOTION_IGNORED drag state inactive
MOTION_IGNORED drag state inactive
MOTION_IGNORED drag state inactive
MOTION_IGNORED drag state inactive
MOTION_IGNORED drag state inactive
MOTION_IGNORED drag state inactive
MOTION_IGNORED drag state inactive
MOTION_IGNORED drag state inactive
MOTION_IGNORED drag state inactive
MOTION_IGNORED drag state inactive
MOTION_IGNORED drag state inactive
MOTION_IGNORED drag state inactive
MOTION_IGNORED drag state inactive
MOTION_IGNORED drag state inactive
MOTION_IGNORED drag state inactive
MOTION_IGNORED drag state inactive
MOTION_IGNORED drag state inactive
MOTION_IGNORED drag state inactive
MOTION_IGNORED drag state inactive
MOTION_IGNORED drag state inactive
MOTION_IGNORED drag state inactive
MOTION_IGNORED drag state inactive
MOTION_IGNORED drag state inactive
MOTION_IGNORED drag state inactive
MOTION_IGNORED drag state inactive
MOTION_IGNORED drag state inactive
MOTION_IGNORED drag state inactive
MOTION_IGNORED drag state inactive
MOTION_IGNORED drag state inactive
MOTION_IGNORED drag state inactive
MOTION_IGNORED drag state inactive
MOTION_IGNORED drag state inactive
MOTION_IGNORED drag state inactive
MOTION_IGNORED drag state inactive
MOTION_IGNORED drag state inactive
MOTION_IGNORED drag state inactive
MOTION_IGNORED drag state inactive
MOTION_IGNORED drag state inactive
MOTION_IGNORED drag state inactive
MOTION_IGNORED drag state inactive
MOTION_IGNORED drag state inactive
MOTION_IGNORED drag state inactive
MOTION_IGNORED drag state inactive
MOTION_IGNORED drag state inactive
MOTION_IGNORED drag state inactive
MOTION_IGNORED drag state inactive
MOTION_IGNORED drag state inactive
MOTION_IGNORED drag state inactive
MOTION_IGNORED drag state inactive
MOTION_IGNORED drag state inactive
MOTION_IGNORED drag state inactive
MOTION_IGNORED drag state inactive
MOTION_IGNORED drag state inactive
MOTION_IGNORED drag state inactive
MOTION_IGNORED drag state inactive
MOTION_IGNORED drag state inactive
MOTION_IGNORED drag state inactive
MOTION_IGNORED drag state inactive
MOTION_IGNORED drag state inactive
MOTION_IGNORED drag state inactive
MOTION_IGNORED drag state inactive
MOTION_IGNORED drag state inactive
MOTION_IGNORED drag state inactive
MOTION_IGNORED drag state inactive
MOTION_IGNORED drag state inactive
MOTION_IGNORED drag state inactive
MOTION_IGNORED drag state inactive
MOTION_IGNORED drag state inactive
MOTION_IGNORED drag state inactive
MOTION_IGNORED drag state inactive
MOTION_IGNORED drag state inactive
MOTION_IGNORED drag state inactive
MOTION_IGNORED drag state inactive
MOTION_IGNORED drag state inactive
MOTION_IGNORED drag state inactive
MOTION_IGNORED drag state inactive
MOTION_IGNORED drag state inactive
MOTION_IGNORED drag state inactive
MOTION_IGNORED drag state inactive
MOTION_IGNORED drag state inactive
MOTION_IGNORED drag state inactive
MOTION_IGNORED drag state inactive
MOTION_IGNORED drag state inactive
MOTION_IGNORED drag state inactive
MOTION_IGNORED drag state inactive
MOTION_IGNORED drag state inactive
MOTION_IGNORED drag state inactive
MOTION_IGNORED drag state inactive
MOTION_IGNORED drag state inactive
MOTION_IGNORED drag state inactive
MOTION_IGNORED drag state inactive
MOTION_IGNORED drag state inactive
MOTION_IGNORED drag state inactive
MOTION_IGNORED drag state inactive
MOTION_IGNORED drag state inactive
MOTION_IGNORED drag state inactive
MOTION_IGNORED drag state inactive
MOTION_IGNORED drag state inactive
MOTION_IGNORED drag state inactive
MOTION_IGNORED drag state inactive
MOTION_IGNORED drag state inactive
MOTION_IGNORED drag state inactive
MOTION_IGNORED drag state inactive
MOTION_IGNORED drag state inactive
MOTION_IGNORED drag state inactive
MOTION_IGNORED drag state inactive
MOTION_IGNORED drag state inactive
MOTION_IGNORED drag state inactive
MOTION_IGNORED drag state inactive
MOTION_IGNORED drag state inactive
MOTION_IGNORED drag state inactive
MOTION_IGNORED drag state inactive
MOTION_IGNORED drag state inactive
MOTION_IGNORED drag state inactive
MOTION_IGNORED drag state inactive
MOTION_IGNORED drag state inactive
MOTION_IGNORED drag state inactive
MOTION_IGNORED drag state inactive
MOTION_IGNORED drag state inactive
MOTION_IGNORED drag state inactive
MOTION_IGNORED drag state inactive
MOTION_IGNORED drag state inactive
MOTION_IGNORED drag state inactive
MOTION_IGNORED drag state inactive
MOTION_IGNORED drag state inactive
MOTION_IGNORED drag state inactive
MOTION_IGNORED drag state inactive
MOTION_IGNORED drag state inactive
MOTION_IGNORED drag state inactive
MOTION_IGNORED drag state inactive
MOTION_IGNORED drag state inactive
MOTION_IGNORED drag state inactive
MOTION_IGNORED drag state inactive
MOTION_IGNORED drag state inactive
MOTION_IGNORED drag state inactive
MOTION_IGNORED drag state inactive
MOTION_IGNORED drag state inactive
MOTION_IGNORED drag state inactive
MOTION_IGNORED drag state inactive
MOTION_IGNORED drag state inactive
MOTION_IGNORED drag state inactive
MOTION_IGNORED drag state inactive
MOTION_IGNORED drag state inactive
MOTION_IGNORED drag state inactive
MOTION_IGNORED drag state inactive
MOTION_IGNORED drag state inactive
MOTION_IGNORED drag state inactive
MOTION_IGNORED drag state inactive
MOTION_IGNORED drag state inactive
MOTION_IGNORED drag state inactive
MOTION_IGNORED drag state inactive
MOTION_IGNORED drag state inactive
MOTION_IGNORED drag state inactive
MOTION_IGNORED drag state inactive
MOTION_IGNORED drag state inactive
MOTION_IGNORED drag state inactive
MOTION_IGNORED drag state inactive
MOTION_IGNORED drag state inactive
MOTION_IGNORED drag state inactive
MOTION_IGNORED drag state inactive
MOTION_IGNORED drag state inactive
MOTION_IGNORED drag state inactive
MOTION_IGNORED drag state inactive
MOTION_IGNORED drag state inactive
MOTION_IGNORED drag state inactive
MOTION_IGNORED drag state inactive
MOTION_IGNORED drag state inactive
MOTION_IGNORED drag state inactive
MOTION_IGNORED drag state inactive
MOTION_IGNORED drag state inactive
MOTION_IGNORED drag state inactive
MOTION_IGNORED drag state inactive
MOTION_IGNORED drag state inactive
MOTION_IGNORED drag state inactive
MOTION_IGNORED drag state inactive
MOTION_IGNORED drag state inactive
MOTION_IGNORED drag state inactive
MOTION_IGNORED drag state inactive
MOTION_IGNORED drag state inactive
MOTION_IGNORED drag state inactive
MOTION_IGNORED drag state inactive
MOTION_IGNORED drag state inactive
MOTION_IGNORED drag state inactive
MOTION_IGNORED drag state inactive
MOTION_IGNORED drag state inactive
MOTION_IGNORED drag state inactive
MOTION_IGNORED drag state inactive
MOTION_IGNORED drag state inactive
MOTION_IGNORED drag state inactive
MOTION_IGNORED drag state inactive
MOTION_IGNORED drag state inactive
MOTION_IGNORED drag state inactive
MOTION_IGNORED drag state inactive
MOTION_IGNORED drag state inactive
MOTION_IGNORED drag state inactive
MOTION_IGNORED drag state inactive
MOTION_IGNORED drag state inactive
MOTION_IGNORED drag state inactive
MOTION_IGNORED drag state inactive
MOTION_IGNORED drag state inactive
MOTION_IGNORED drag state inactive
MOTION_IGNORED drag state inactive
MOTION_IGNORED drag state inactive
MOTION_IGNORED drag state inactive
MOTION_IGNORED drag state inactive
MOTION_IGNORED drag state inactive
MOTION_IGNORED drag state inactive
MOTION_IGNORED drag state inactive
MOTION_IGNORED drag state inactive
MOTION_IGNORED drag state inactive
MOTION_IGNORED drag state inactive
MOTION_IGNORED drag state inactive
MOTION_IGNORED drag state inactive
MOTION_IGNORED drag state inactive
MOTION_IGNORED drag state inactive
MOTION_IGNORED drag state inactive
MOTION_IGNORED drag state inactive
MOTION_IGNORED drag state inactive
MOTION_IGNORED drag state inactive
MOTION_IGNORED drag state inactive
MOTION_IGNORED drag state inactive
MOTION_IGNORED drag state inactive
MOTION_IGNORED drag state inactive
MOTION_IGNORED drag state inactive
MOTION_IGNORED drag state inactive
MOTION_IGNORED drag state inactive
MOTION_IGNORED drag state inactive
MOTION_IGNORED drag state inactive
MOTION_IGNORED drag state inactive
MOTION_IGNORED drag state inactive
MOTION_IGNORED drag state inactive
MOTION_IGNORED drag state inactive
MOTION_IGNORED drag state inactive
MOTION_IGNORED drag state inactive
MOTION_IGNORED drag state inactive
MOTION_IGNORED drag state inactive
MOTION_IGNORED drag state inactive
MOTION_IGNORED drag state inactive
LEFT_DOWN screen=(400,468) logical=(400,468) hit=0 ctrl=0 selectedBefore=1
DRAG_ARMED index=0 id=event-00000001 startTick=0 note=60 selectedNow=1
LEFT_UP dragging=1 index=0 capture=1 selected=1
MOTION_IGNORED drag state inactive
MOTION_IGNORED drag state inactive
MOTION_IGNORED drag state inactive
MOTION_IGNORED drag state inactive
MOTION_IGNORED drag state inactive
MOTION_IGNORED drag state inactive
MOTION_IGNORED drag state inactive
MOTION_IGNORED drag state inactive
MOTION_IGNORED drag state inactive
MOTION_IGNORED drag state inactive
MOTION_IGNORED drag state inactive
MOTION_IGNORED drag state inactive
MOTION_IGNORED drag state inactive
MOTION_IGNORED drag state inactive
MOTION_IGNORED drag state inactive
MOTION_IGNORED drag state inactive
MOTION_IGNORED drag state inactive
MOTION_IGNORED drag state inactive
MOTION_IGNORED drag state inactive
MOTION_IGNORED drag state inactive
MOTION_IGNORED drag state inactive
MOTION_IGNORED drag state inactive
MOTION_IGNORED drag state inactive
MOTION_IGNORED drag state inactive
MOTION_IGNORED drag state inactive
MOTION_IGNORED drag state inactive
MOTION_IGNORED drag state inactive
MOTION_IGNORED drag state inactive
MOTION_IGNORED drag state inactive
MOTION_IGNORED drag state inactive
MOTION_IGNORED drag state inactive
MOTION_IGNORED drag state inactive
MOTION_IGNORED drag state inactive
MOTION_IGNORED drag state inactive
MOTION_IGNORED drag state inactive
MOTION_IGNORED drag state inactive
MOTION_IGNORED drag state inactive
MOTION_IGNORED drag state inactive
MOTION_IGNORED drag state inactive
MOTION_IGNORED drag state inactive
MOTION_IGNORED drag state inactive
MOTION_IGNORED drag state inactive
MOTION_IGNORED drag state inactive
MOTION_IGNORED drag state inactive
MOTION_IGNORED drag state inactive
MOTION_IGNORED drag state inactive
MOTION_IGNORED drag state inactive
MOTION_IGNORED drag state inactive
MOTION_IGNORED drag state inactive
MOTION_IGNORED drag state inactive
MOTION_IGNORED drag state inactive
MOTION_IGNORED drag state inactive
MOTION_IGNORED drag state inactive
MOTION_IGNORED drag state inactive
MOTION_IGNORED drag state inactive
MOTION_IGNORED drag state inactive
MOTION_IGNORED drag state inactive
MOTION_IGNORED drag state inactive
MOTION_IGNORED drag state inactive
MOTION_IGNORED drag state inactive
MOTION_IGNORED drag state inactive
MOTION_IGNORED drag state inactive
MOTION_IGNORED drag state inactive
MOTION_IGNORED drag state inactive
LEFT_DOWN screen=(458,354) logical=(458,354) hit=3 ctrl=0 selectedBefore=1
DRAG_ARMED index=3 id=event-00000004 startTick=1440 note=66 selectedNow=1
LEFT_UP dragging=1 index=3 capture=1 selected=1
MOTION_IGNORED drag state inactive
MOTION_IGNORED drag state inactive
MOTION_IGNORED drag state inactive
MOTION_IGNORED drag state inactive
MOTION_IGNORED drag state inactive
MOTION_IGNORED drag state inactive
MOTION_IGNORED drag state inactive
MOTION_IGNORED drag state inactive
MOTION_IGNORED drag state inactive
MOTION_IGNORED drag state inactive
MOTION_IGNORED drag state inactive
MOTION_IGNORED drag state inactive
MOTION_IGNORED drag state inactive
MOTION_IGNORED drag state inactive
MOTION_IGNORED drag state inactive
MOTION_IGNORED drag state inactive
MOTION_IGNORED drag state inactive
MOTION_IGNORED drag state inactive
MOTION_IGNORED drag state inactive
MOTION_IGNORED drag state inactive
MOTION_IGNORED drag state inactive
MOTION_IGNORED drag state inactive
MOTION_IGNORED drag state inactive
MOTION_IGNORED drag state inactive
MOTION_IGNORED drag state inactive
MOTION_IGNORED drag state inactive
MOTION_IGNORED drag state inactive
MOTION_IGNORED drag state inactive
MOTION_IGNORED drag state inactive
MOTION_IGNORED drag state inactive
MOTION_IGNORED drag state inactive
MOTION_IGNORED drag state inactive
LEFT_DOWN screen=(573,339) logical=(573,339) hit=2 ctrl=0 selectedBefore=1
DRAG_ARMED index=2 id=event-00000003 startTick=2400 note=67 selectedNow=1
LEFT_UP dragging=1 index=2 capture=1 selected=1
MOTION_IGNORED drag state inactive
MOTION_IGNORED drag state inactive
MOTION_IGNORED drag state inactive
MOTION_IGNORED drag state inactive
MOTION_IGNORED drag state inactive
MOTION_IGNORED drag state inactive
MOTION_IGNORED drag state inactive
MOTION_IGNORED drag state inactive
MOTION_IGNORED drag state inactive
MOTION_IGNORED drag state inactive
MOTION_IGNORED drag state inactive
MOTION_IGNORED drag state inactive
MOTION_IGNORED drag state inactive
MOTION_IGNORED drag state inactive
MOTION_IGNORED drag state inactive
MOTION_IGNORED drag state inactive
MOTION_IGNORED drag state inactive
MOTION_IGNORED drag state inactive
MOTION_IGNORED drag state inactive
MOTION_IGNORED drag state inactive
MOTION_IGNORED drag state inactive
MOTION_IGNORED drag state inactive
MOTION_IGNORED drag state inactive
MOTION_IGNORED drag state inactive
MOTION_IGNORED drag state inactive
MOTION_IGNORED drag state inactive
MOTION_IGNORED drag state inactive
MOTION_IGNORED drag state inactive
MOTION_IGNORED drag state inactive
MOTION_IGNORED drag state inactive
MOTION_IGNORED drag state inactive
MOTION_IGNORED drag state inactive
MOTION_IGNORED drag state inactive
MOTION_IGNORED drag state inactive
MOTION_IGNORED drag state inactive
MOTION_IGNORED drag state inactive
MOTION_IGNORED drag state inactive
MOTION_IGNORED drag state inactive
MOTION_IGNORED drag state inactive
MOTION_IGNORED drag state inactive
MOTION_IGNORED drag state inactive
MOTION_IGNORED drag state inactive
MOTION_IGNORED drag state inactive
MOTION_IGNORED drag state inactive
MOTION_IGNORED drag state inactive
LEFT_DOWN screen=(515,237) logical=(515,237) hit=1 ctrl=0 selectedBefore=1
DRAG_ARMED index=1 id=event-00000002 startTick=960 note=73 selectedNow=1
LEFT_UP dragging=1 index=1 capture=1 selected=1
MOTION_IGNORED drag state inactive
MOTION_IGNORED drag state inactive
MOTION_IGNORED drag state inactive
MOTION_IGNORED drag state inactive
MOTION_IGNORED drag state inactive
MOTION_IGNORED drag state inactive
MOTION_IGNORED drag state inactive
MOTION_IGNORED drag state inactive
MOTION_IGNORED drag state inactive
MOTION_IGNORED drag state inactive
MOTION_IGNORED drag state inactive
MOTION_IGNORED drag state inactive
MOTION_IGNORED drag state inactive
MOTION_IGNORED drag state inactive
MOTION_IGNORED drag state inactive
MOTION_IGNORED drag state inactive
MOTION_IGNORED drag state inactive
MOTION_IGNORED drag state inactive
MOTION_IGNORED drag state inactive
MOTION_IGNORED drag state inactive
MOTION_IGNORED drag state inactive
MOTION_IGNORED drag state inactive
MOTION_IGNORED drag state inactive
MOTION_IGNORED drag state inactive
MOTION_IGNORED drag state inactive
MOTION_IGNORED drag state inactive
MOTION_IGNORED drag state inactive
MOTION_IGNORED drag state inactive
MOTION_IGNORED drag state inactive
MOTION_IGNORED drag state inactive
MOTION_IGNORED drag state inactive
MOTION_IGNORED drag state inactive
MOTION_IGNORED drag state inactive
MOTION_IGNORED drag state inactive
MOTION_IGNORED drag state inactive
MOTION_IGNORED drag state inactive
MOTION_IGNORED drag state inactive
MOTION_IGNORED drag state inactive
MOTION_IGNORED drag state inactive
MOTION_IGNORED drag state inactive
MOTION_IGNORED drag state inactive
MOTION_IGNORED drag state inactive
MOTION_IGNORED drag state inactive
MOTION_IGNORED drag state inactive
MOTION_IGNORED drag state inactive
MOTION_IGNORED drag state inactive
MOTION_IGNORED drag state inactive
MOTION_IGNORED drag state inactive
MOTION_IGNORED drag state inactive
MOTION_IGNORED drag state inactive
MOTION_IGNORED drag state inactive
MOTION_IGNORED drag state inactive
MOTION_IGNORED drag state inactive
MOTION_IGNORED drag state inactive
MOTION_IGNORED drag state inactive
MOTION_IGNORED drag state inactive
MOTION_IGNORED drag state inactive
MOTION_IGNORED drag state inactive
MOTION_IGNORED drag state inactive
MOTION_IGNORED drag state inactive
MOTION_IGNORED drag state inactive
MOTION_IGNORED drag state inactive
MOTION_IGNORED drag state inactive
MOTION_IGNORED drag state inactive
MOTION_IGNORED drag state inactive
MOTION_IGNORED drag state inactive
MOTION_IGNORED drag state inactive
MOTION_IGNORED drag state inactive
MOTION_IGNORED drag state inactive
MOTION_IGNORED drag state inactive
MOTION_IGNORED drag state inactive
MOTION_IGNORED drag state inactive
MOTION_IGNORED drag state inactive
MOTION_IGNORED drag state inactive
MOTION_IGNORED drag state inactive
MOTION_IGNORED drag state inactive
MOTION_IGNORED drag state inactive
MOTION_IGNORED drag state inactive
MOTION_IGNORED drag state inactive
MOTION_IGNORED drag state inactive
MOTION_IGNORED drag state inactive
MOTION_IGNORED drag state inactive
MOTION_IGNORED drag state inactive
MOTION_IGNORED drag state inactive
MOTION_IGNORED drag state inactive
MOTION_IGNORED drag state inactive
MOTION_IGNORED drag state inactive
MOTION_IGNORED drag state inactive
MOTION_IGNORED drag state inactive
MOTION_IGNORED drag state inactive
MOTION_IGNORED drag state inactive
MOTION_IGNORED drag state inactive
MOTION_IGNORED drag state inactive
MOTION_IGNORED drag state inactive
MOTION_IGNORED drag state inactive
MOTION_IGNORED drag state inactive
MOTION_IGNORED drag state inactive
MOTION_IGNORED drag state inactive
MOTION_IGNORED drag state inactive
MOTION_IGNORED drag state inactive
MOTION_IGNORED drag state inactive
MOTION_IGNORED drag state inactive
MOTION_IGNORED drag state inactive
MOTION_IGNORED drag state inactive
MOTION_IGNORED drag state inactive
MOTION_IGNORED drag state inactive
MOTION_IGNORED drag state inactive
MOTION_IGNORED drag state inactive
MOTION_IGNORED drag state inactive
MOTION_IGNORED drag state inactive
MOTION_IGNORED drag state inactive
MOTION_IGNORED drag state inactive
MOTION_IGNORED drag state inactive
MOTION_IGNORED drag state inactive
MOTION_IGNORED drag state inactive
MOTION_IGNORED drag state inactive
MOTION_IGNORED drag state inactive
MOTION_IGNORED drag state inactive
MOTION_IGNORED drag state inactive
MOTION_IGNORED drag state inactive
MOTION_IGNORED drag state inactive
MOTION_IGNORED drag state inactive
MOTION_IGNORED drag state inactive
MOTION_IGNORED drag state inactive
MOTION_IGNORED drag state inactive
MOTION_IGNORED drag state inactive
MOTION_IGNORED drag state inactive
MOTION_IGNORED drag state inactive
MOTION_IGNORED drag state inactive
MOTION_IGNORED drag state inactive
MOTION_IGNORED drag state inactive
MOTION_IGNORED drag state inactive
MOTION_IGNORED drag state inactive
MOTION_IGNORED drag state inactive
MOTION_IGNORED drag state inactive
MOTION_IGNORED drag state inactive
MOTION_IGNORED drag state inactive
MOTION_IGNORED drag state inactive
MOTION_IGNORED drag state inactive
MOTION_IGNORED drag state inactive
MOTION_IGNORED drag state inactive
MOTION_IGNORED drag state inactive
MOTION_IGNORED drag state inactive
MOTION_IGNORED drag state inactive
MOTION_IGNORED drag state inactive
MOTION_IGNORED drag state inactive
MOTION_IGNORED drag state inactive
MOTION_IGNORED drag state inactive
MOTION_IGNORED drag state inactive
MOTION_IGNORED drag state inactive
MOTION_IGNORED drag state inactive
MOTION_IGNORED drag state inactive
MOTION_IGNORED drag state inactive
MOTION_IGNORED drag state inactive
MOTION_IGNORED drag state inactive
MOTION_IGNORED drag state inactive
MOTION_IGNORED drag state inactive
MOTION_IGNORED drag state inactive
MOTION_IGNORED drag state inactive
MOTION_IGNORED drag state inactive
MOTION_IGNORED drag state inactive
MOTION_IGNORED drag state inactive
MOTION_IGNORED drag state inactive
MOTION_IGNORED drag state inactive
MOTION_IGNORED drag state inactive
MOTION_IGNORED drag state inactive
MOTION_IGNORED drag state inactive
MOTION_IGNORED drag state inactive
MOTION_IGNORED drag state inactive
MOTION_IGNORED drag state inactive
MOTION_IGNORED drag state inactive
MOTION_IGNORED drag state inactive
MOTION_IGNORED drag state inactive
MOTION_IGNORED drag state inactive
MOTION_IGNORED drag state inactive
MOTION_IGNORED drag state inactive
MOTION_IGNORED drag state inactive
MOTION_IGNORED drag state inactive
MOTION_IGNORED drag state inactive
MOTION_IGNORED drag state inactive
MOTION_IGNORED drag state inactive
MOTION_IGNORED drag state inactive
MOTION_IGNORED drag state inactive
MOTION_IGNORED drag state inactive
MOTION_IGNORED drag state inactive
MOTION_IGNORED drag state inactive
MOTION_IGNORED drag state inactive
MOTION_IGNORED drag state inactive
MOTION_IGNORED drag state inactive
MOTION_IGNORED drag state inactive
MOTION_IGNORED drag state inactive
MOTION_IGNORED drag state inactive
MOTION_IGNORED drag state inactive
MOTION_IGNORED drag state inactive
MOTION_IGNORED drag state inactive
MOTION_IGNORED drag state inactive
MOTION_IGNORED drag state inactive
MOTION_IGNORED drag state inactive
MOTION_IGNORED drag state inactive
MOTION_IGNORED drag state inactive
MOTION_IGNORED drag state inactive
MOTION_IGNORED drag state inactive
MOTION_IGNORED drag state inactive
MOTION_IGNORED drag state inactive
MOTION_IGNORED drag state inactive
MOTION_IGNORED drag state inactive
MOTION_IGNORED drag state inactive
MOTION_IGNORED drag state inactive
MOTION_IGNORED drag state inactive
MOTION_IGNORED drag state inactive
MOTION_IGNORED drag state inactive
MOTION_IGNORED drag state inactive
MOTION_IGNORED drag state inactive
MOTION_IGNORED drag state inactive
MOTION_IGNORED drag state inactive
MOTION_IGNORED drag state inactive
MOTION_IGNORED drag state inactive
MOTION_IGNORED drag state inactive
MOTION_IGNORED drag state inactive
MOTION_IGNORED drag state inactive
MOTION_IGNORED drag state inactive
MOTION_IGNORED drag state inactive
MOTION_IGNORED drag state inactive
MOTION_IGNORED drag state inactive
MOTION_IGNORED drag state inactive
MOTION_IGNORED drag state inactive
MOTION_IGNORED drag state inactive
MOTION_IGNORED drag state inactive
MOTION_IGNORED drag state inactive
MOTION_IGNORED drag state inactive
MOTION_IGNORED drag state inactive
MOTION_IGNORED drag state inactive
MOTION_IGNORED drag state inactive
MOTION_IGNORED drag state inactive
MOTION_IGNORED drag state inactive
MOTION_IGNORED drag state inactive
MOTION_IGNORED drag state inactive
MOTION_IGNORED drag state inactive
MOTION_IGNORED drag state inactive
MOTION_IGNORED drag state inactive
MOTION_IGNORED drag state inactive
MOTION_IGNORED drag state inactive
MOTION_IGNORED drag state inactive
MOTION_IGNORED drag state inactive
MOTION_IGNORED drag state inactive
MOTION_IGNORED drag state inactive
MOTION_IGNORED drag state inactive
MOTION_IGNORED drag state inactive
MOTION_IGNORED drag state inactive
MOTION_IGNORED drag state inactive
MOTION_IGNORED drag state inactive
MOTION_IGNORED drag state inactive
MOTION_IGNORED drag state inactive
MOTION_IGNORED drag state inactive
MOTION_IGNORED drag state inactive
MOTION_IGNORED drag state inactive
MOTION_IGNORED drag state inactive
MOTION_IGNORED drag state inactive
MOTION_IGNORED drag state inactive
MOTION_IGNORED drag state inactive
MOTION_IGNORED drag state inactive
MOTION_IGNORED drag state inactive
MOTION_IGNORED drag state inactive
MOTION_IGNORED drag state inactive
MOTION_IGNORED drag state inactive
MOTION_IGNORED drag state inactive
MOTION_IGNORED drag state inactive
MOTION_IGNORED drag state inactive
MOTION_IGNORED drag state inactive
MOTION_IGNORED drag state inactive
MOTION_IGNORED drag state inactive
MOTION_IGNORED drag state inactive
MOTION_IGNORED drag state inactive
MOTION_IGNORED drag state inactive
MOTION_IGNORED drag state inactive
MOTION_IGNORED drag state inactive
MOTION_IGNORED drag state inactive
MOTION_IGNORED drag state inactive
MOTION_IGNORED drag state inactive
MOTION_IGNORED drag state inactive
MOTION_IGNORED drag state inactive
MOTION_IGNORED drag state inactive
MOTION_IGNORED drag state inactive
MOTION_IGNORED drag state inactive
MOTION_IGNORED drag state inactive
MOTION_IGNORED drag state inactive
MOTION_IGNORED drag state inactive
MOTION_IGNORED drag state inactive
MOTION_IGNORED drag state inactive
MOTION_IGNORED drag state inactive
MOTION_IGNORED drag state inactive
MOTION_IGNORED drag state inactive
MOTION_IGNORED drag state inactive
MOTION_IGNORED drag state inactive
MOTION_IGNORED drag state inactive
MOTION_IGNORED drag state inactive
MOTION_IGNORED drag state inactive
MOTION_IGNORED drag state inactive
MOTION_IGNORED drag state inactive
MOTION_IGNORED drag state inactive
MOTION_IGNORED drag state inactive
MOTION_IGNORED drag state inactive
MOTION_IGNORED drag state inactive
MOTION_IGNORED drag state inactive
MOTION_IGNORED drag state inactive
MOTION_IGNORED drag state inactive
MOTION_IGNORED drag state inactive
MOTION_IGNORED drag state inactive
MOTION_IGNORED drag state inactive
MOTION_IGNORED drag state inactive
MOTION_IGNORED drag state inactive
MOTION_IGNORED drag state inactive
MOTION_IGNORED drag state inactive
LEFT_DOWN screen=(895,597) logical=(895,597) hit=-1 ctrl=0 selectedBefore=0
LEFT_UP dragging=0 index=-1 capture=1 selected=0
MOTION_IGNORED drag state inactive
MOTION_IGNORED drag state inactive
MOTION_IGNORED drag state inactive
MOTION_IGNORED drag state inactive
MOTION_IGNORED drag state inactive
MOTION_IGNORED drag state inactive
MOTION_IGNORED drag state inactive
MOTION_IGNORED drag state inactive
MOTION_IGNORED drag state inactive
MOTION_IGNORED drag state inactive
MOTION_IGNORED drag state inactive
MOTION_IGNORED drag state inactive
MOTION_IGNORED drag state inactive
MOTION_IGNORED drag state inactive
MOTION_IGNORED drag state inactive
MOTION_IGNORED drag state inactive
MOTION_IGNORED drag state inactive
MOTION_IGNORED drag state inactive
MOTION_IGNORED drag state inactive
MOTION_IGNORED drag state inactive
MOTION_IGNORED drag state inactive
MOTION_IGNORED drag state inactive
MOTION_IGNORED drag state inactive
MOTION_IGNORED drag state inactive
MOTION_IGNORED drag state inactive
MOTION_IGNORED drag state inactive
MOTION_IGNORED drag state inactive
MOTION_IGNORED drag state inactive
MOTION_IGNORED drag state inactive
MOTION_IGNORED drag state inactive
MOTION_IGNORED drag state inactive
MOTION_IGNORED drag state inactive
MOTION_IGNORED drag state inactive
MOTION_IGNORED drag state inactive
MOTION_IGNORED drag state inactive
MOTION_IGNORED drag state inactive
MOTION_IGNORED drag state inactive
MOTION_IGNORED drag state inactive
MOTION_IGNORED drag state inactive
MOTION_IGNORED drag state inactive
MOTION_IGNORED drag state inactive
MOTION_IGNORED drag state inactive
MOTION_IGNORED drag state inactive
MOTION_IGNORED drag state inactive
MOTION_IGNORED drag state inactive
MOTION_IGNORED drag state inactive
MOTION_IGNORED drag state inactive
MOTION_IGNORED drag state inactive
MOTION_IGNORED drag state inactive
MOTION_IGNORED drag state inactive
MOTION_IGNORED drag state inactive
MOTION_IGNORED drag state inactive
MOTION_IGNORED drag state inactive
MOTION_IGNORED drag state inactive
MOTION_IGNORED drag state inactive
MOTION_IGNORED drag state inactive
MOTION_IGNORED drag state inactive
MOTION_IGNORED drag state inactive
MOTION_IGNORED drag state inactive
MOTION_IGNORED drag state inactive
MOTION_IGNORED drag state inactive
MOTION_IGNORED drag state inactive
MOTION_IGNORED drag state inactive
MOTION_IGNORED drag state inactive
MOTION_IGNORED drag state inactive
MOTION_IGNORED drag state inactive
MOTION_IGNORED drag state inactive
MOTION_IGNORED drag state inactive
MOTION_IGNORED drag state inactive
MOTION_IGNORED drag state inactive
MOTION_IGNORED drag state inactive
MOTION_IGNORED drag state inactive
MOTION_IGNORED drag state inactive
MOTION_IGNORED drag state inactive
MOTION_IGNORED drag state inactive
MOTION_IGNORED drag state inactive
MOTION_IGNORED drag state inactive
MOTION_IGNORED drag state inactive
MOTION_IGNORED drag state inactive
MOTION_IGNORED drag state inactive
MOTION_IGNORED drag state inactive
MOTION_IGNORED drag state inactive
MOTION_IGNORED drag state inactive
MOTION_IGNORED drag state inactive
MOTION_IGNORED drag state inactive
MOTION_IGNORED drag state inactive
MOTION_IGNORED drag state inactive
MOTION_IGNORED drag state inactive
MOTION_IGNORED drag state inactive
MOTION_IGNORED drag state inactive
MOTION_IGNORED drag state inactive
MOTION_IGNORED drag state inactive
MOTION_IGNORED drag state inactive
MOTION_IGNORED drag state inactive
MOTION_IGNORED drag state inactive
MOTION_IGNORED drag state inactive
MOTION_IGNORED drag state inactive
MOTION_IGNORED drag state inactive
MOTION_IGNORED drag state inactive
MOTION_IGNORED drag state inactive
MOTION_IGNORED drag state inactive
MOTION_IGNORED drag state inactive
MOTION_IGNORED drag state inactive
MOTION_IGNORED drag state inactive
MOTION_IGNORED drag state inactive
MOTION_IGNORED drag state inactive
MOTION_IGNORED drag state inactive
MOTION_IGNORED drag state inactive
MOTION_IGNORED drag state inactive
MOTION_IGNORED drag state inactive
MOTION_IGNORED drag state inactive
MOTION_IGNORED drag state inactive
MOTION_IGNORED drag state inactive
MOTION_IGNORED drag state inactive
MOTION_IGNORED drag state inactive
MOTION_IGNORED drag state inactive
MOTION_IGNORED drag state inactive
MOTION_IGNORED drag state inactive
MOTION_IGNORED drag state inactive
MOTION_IGNORED drag state inactive
MOTION_IGNORED drag state inactive
MOTION_IGNORED drag state inactive
MOTION_IGNORED drag state inactive
MOTION_IGNORED drag state inactive
MOTION_IGNORED drag state inactive
MOTION_IGNORED drag state inactive
MOTION_IGNORED drag state inactive
MOTION_IGNORED drag state inactive
MOTION_IGNORED drag state inactive
MOTION_IGNORED drag state inactive
MOTION_IGNORED drag state inactive
MOTION_IGNORED drag state inactive
MOTION_IGNORED drag state inactive
MOTION_IGNORED drag state inactive
MOTION_IGNORED drag state inactive
MOTION_IGNORED drag state inactive
MOTION_IGNORED drag state inactive
MOTION_IGNORED drag state inactive
MOTION_IGNORED drag state inactive
MOTION_IGNORED drag state inactive
MOTION_IGNORED drag state inactive
MOTION_IGNORED drag state inactive
MOTION_IGNORED drag state inactive
MOTION_IGNORED drag state inactive
MOTION_IGNORED drag state inactive
MOTION_IGNORED drag state inactive
MOTION_IGNORED drag state inactive
MOTION_IGNORED drag state inactive
MOTION_IGNORED drag state inactive
MOTION_IGNORED drag state inactive
MOTION_IGNORED drag state inactive
MOTION_IGNORED drag state inactive
MOTION_IGNORED drag state inactive
MOTION_IGNORED drag state inactive
MOTION_IGNORED drag state inactive
MOTION_IGNORED drag state inactive
MOTION_IGNORED drag state inactive
MOTION_IGNORED drag state inactive
MOTION_IGNORED drag state inactive
MOTION_IGNORED drag state inactive
MOTION_IGNORED drag state inactive
MOTION_IGNORED drag state inactive
MOTION_IGNORED drag state inactive
MOTION_IGNORED drag state inactive
MOTION_IGNORED drag state inactive
MOTION_IGNORED drag state inactive
MOTION_IGNORED drag state inactive
MOTION_IGNORED drag state inactive
MOTION_IGNORED drag state inactive
MOTION_IGNORED drag state inactive
MOTION_IGNORED drag state inactive
MOTION_IGNORED drag state inactive
MOTION_IGNORED drag state inactive
MOTION_IGNORED drag state inactive
MOTION_IGNORED drag state inactive
MOTION_IGNORED drag state inactive
MOTION_IGNORED drag state inactive
MOTION_IGNORED drag state inactive
MOTION_IGNORED drag state inactive
MOTION_IGNORED drag state inactive
MOTION_IGNORED drag state inactive
MOTION_IGNORED drag state inactive
MOTION_IGNORED drag state inactive
MOTION_IGNORED drag state inactive
MOTION_IGNORED drag state inactive
MOTION_IGNORED drag state inactive
MOTION_IGNORED drag state inactive
MOTION_IGNORED drag state inactive
MOTION_IGNORED drag state inactive
MOTION_IGNORED drag state inactive
MOTION_IGNORED drag state inactive
MOTION_IGNORED drag state inactive
MOTION_IGNORED drag state inactive
MOTION_IGNORED drag state inactive
MOTION_IGNORED drag state inactive
MOTION_IGNORED drag state inactive
MOTION_IGNORED drag state inactive
MOTION_IGNORED drag state inactive
MOTION_IGNORED drag state inactive
MOTION_IGNORED drag state inactive
MOTION_IGNORED drag state inactive
MOTION_IGNORED drag state inactive
MOTION_IGNORED drag state inactive
MOTION_IGNORED drag state inactive
MOTION_IGNORED drag state inactive
MOTION_IGNORED drag state inactive
MOTION_IGNORED drag state inactive
MOTION_IGNORED drag state inactive
MOTION_IGNORED drag state inactive
MOTION_IGNORED drag state inactive
MOTION_IGNORED drag state inactive
MOTION_IGNORED drag state inactive
MOTION_IGNORED drag state inactive
MOTION_IGNORED drag state inactive
MOTION_IGNORED drag state inactive
MOTION_IGNORED drag state inactive
MOTION_IGNORED drag state inactive
MOTION_IGNORED drag state inactive
MOTION_IGNORED drag state inactive
MOTION_IGNORED drag state inactive
MOTION_IGNORED drag state inactive
MOTION_IGNORED drag state inactive
MOTION_IGNORED drag state inactive
MOTION_IGNORED drag state inactive
MOTION_IGNORED drag state inactive
MOTION_IGNORED drag state inactive
MOTION_IGNORED drag state inactive
MOTION_IGNORED drag state inactive
MOTION_IGNORED drag state inactive
MOTION_IGNORED drag state inactive
MOTION_IGNORED drag state inactive
MOTION_IGNORED drag state inactive
MOTION_IGNORED drag state inactive
MOTION_IGNORED drag state inactive
MOTION_IGNORED drag state inactive
MOTION_IGNORED drag state inactive
MOTION_IGNORED drag state inactive
MOTION_IGNORED drag state inactive
LEFT_DOWN screen=(282,231) logical=(282,231) hit=5 ctrl=0 selectedBefore=1
DRAG_ARMED index=5 id=event-00000007 startTick=0 note=73 selectedNow=1
MOTION screen=(283,231) logical=(283,231) dx=1 dy=0 tickDelta=5 noteDelta=0 left=1 capture=1
MOTION_APPLIED tickDelta=0 noteDelta=0 selected=1
MOTION screen=(284,230) logical=(284,230) dx=2 dy=-1 tickDelta=10 noteDelta=1 left=1 capture=1
MOTION_APPLIED tickDelta=0 noteDelta=1 selected=1
MOTION screen=(285,230) logical=(285,230) dx=3 dy=-1 tickDelta=15 noteDelta=1 left=1 capture=1
MOTION_APPLIED tickDelta=0 noteDelta=1 selected=1
MOTION screen=(288,230) logical=(288,230) dx=6 dy=-1 tickDelta=30 noteDelta=1 left=1 capture=1
MOTION_APPLIED tickDelta=0 noteDelta=1 selected=1
MOTION screen=(292,230) logical=(292,230) dx=10 dy=-1 tickDelta=50 noteDelta=1 left=1 capture=1
MOTION_APPLIED tickDelta=0 noteDelta=1 selected=1
MOTION screen=(299,230) logical=(299,230) dx=17 dy=-1 tickDelta=85 noteDelta=1 left=1 capture=1
MOTION_APPLIED tickDelta=120 noteDelta=1 selected=1
MOTION screen=(314,230) logical=(314,230) dx=32 dy=-1 tickDelta=160 noteDelta=1 left=1 capture=1
MOTION_APPLIED tickDelta=120 noteDelta=1 selected=1
MOTION screen=(322,230) logical=(322,230) dx=40 dy=-1 tickDelta=200 noteDelta=1 left=1 capture=1
MOTION_APPLIED tickDelta=240 noteDelta=1 selected=1
MOTION screen=(335,230) logical=(335,230) dx=53 dy=-1 tickDelta=265 noteDelta=1 left=1 capture=1
MOTION_APPLIED tickDelta=240 noteDelta=1 selected=1
MOTION screen=(343,230) logical=(343,230) dx=61 dy=-1 tickDelta=305 noteDelta=1 left=1 capture=1
MOTION_APPLIED tickDelta=360 noteDelta=1 selected=1
MOTION screen=(350,230) logical=(350,230) dx=68 dy=-1 tickDelta=340 noteDelta=1 left=1 capture=1
MOTION_APPLIED tickDelta=360 noteDelta=1 selected=1
MOTION screen=(358,230) logical=(358,230) dx=76 dy=-1 tickDelta=380 noteDelta=1 left=1 capture=1
MOTION_APPLIED tickDelta=360 noteDelta=1 selected=1
MOTION screen=(365,230) logical=(365,230) dx=83 dy=-1 tickDelta=415 noteDelta=1 left=1 capture=1
MOTION_APPLIED tickDelta=360 noteDelta=1 selected=1
MOTION screen=(377,230) logical=(377,230) dx=95 dy=-1 tickDelta=475 noteDelta=1 left=1 capture=1
MOTION_APPLIED tickDelta=480 noteDelta=1 selected=1
MOTION screen=(388,230) logical=(388,230) dx=106 dy=-1 tickDelta=530 noteDelta=1 left=1 capture=1
MOTION_APPLIED tickDelta=480 noteDelta=1 selected=1
MOTION screen=(396,230) logical=(396,230) dx=114 dy=-1 tickDelta=570 noteDelta=1 left=1 capture=1
MOTION_APPLIED tickDelta=600 noteDelta=1 selected=1
MOTION screen=(408,230) logical=(408,230) dx=126 dy=-1 tickDelta=630 noteDelta=1 left=1 capture=1
MOTION_APPLIED tickDelta=600 noteDelta=1 selected=1
MOTION screen=(418,230) logical=(418,230) dx=136 dy=-1 tickDelta=680 noteDelta=1 left=1 capture=1
MOTION_APPLIED tickDelta=720 noteDelta=1 selected=1
MOTION screen=(427,230) logical=(427,230) dx=145 dy=-1 tickDelta=725 noteDelta=1 left=1 capture=1
MOTION_APPLIED tickDelta=720 noteDelta=1 selected=1
MOTION screen=(437,230) logical=(437,230) dx=155 dy=-1 tickDelta=775 noteDelta=1 left=1 capture=1
MOTION_APPLIED tickDelta=720 noteDelta=1 selected=1
MOTION screen=(448,230) logical=(448,230) dx=166 dy=-1 tickDelta=830 noteDelta=1 left=1 capture=1
MOTION_APPLIED tickDelta=840 noteDelta=1 selected=1
MOTION screen=(452,230) logical=(452,230) dx=170 dy=-1 tickDelta=850 noteDelta=1 left=1 capture=1
MOTION_APPLIED tickDelta=840 noteDelta=1 selected=1
MOTION screen=(458,230) logical=(458,230) dx=176 dy=-1 tickDelta=880 noteDelta=1 left=1 capture=1
MOTION_APPLIED tickDelta=840 noteDelta=1 selected=1
MOTION screen=(464,230) logical=(464,230) dx=182 dy=-1 tickDelta=910 noteDelta=1 left=1 capture=1
MOTION_APPLIED tickDelta=960 noteDelta=1 selected=1
MOTION screen=(467,230) logical=(467,230) dx=185 dy=-1 tickDelta=925 noteDelta=1 left=1 capture=1
MOTION_APPLIED tickDelta=960 noteDelta=1 selected=1
MOTION screen=(471,230) logical=(471,230) dx=189 dy=-1 tickDelta=945 noteDelta=1 left=1 capture=1
MOTION_APPLIED tickDelta=960 noteDelta=1 selected=1
MOTION screen=(476,230) logical=(476,230) dx=194 dy=-1 tickDelta=970 noteDelta=1 left=1 capture=1
MOTION_APPLIED tickDelta=960 noteDelta=1 selected=1
MOTION screen=(482,230) logical=(482,230) dx=200 dy=-1 tickDelta=1000 noteDelta=1 left=1 capture=1
MOTION_APPLIED tickDelta=960 noteDelta=1 selected=1
MOTION screen=(486,230) logical=(486,230) dx=204 dy=-1 tickDelta=1020 noteDelta=1 left=1 capture=1
MOTION_APPLIED tickDelta=1080 noteDelta=1 selected=1
MOTION screen=(488,230) logical=(488,230) dx=206 dy=-1 tickDelta=1030 noteDelta=1 left=1 capture=1
MOTION_APPLIED tickDelta=1080 noteDelta=1 selected=1
MOTION screen=(489,230) logical=(489,230) dx=207 dy=-1 tickDelta=1035 noteDelta=1 left=1 capture=1
MOTION_APPLIED tickDelta=1080 noteDelta=1 selected=1
MOTION screen=(490,230) logical=(490,230) dx=208 dy=-1 tickDelta=1040 noteDelta=1 left=1 capture=1
MOTION_APPLIED tickDelta=1080 noteDelta=1 selected=1
MOTION screen=(491,229) logical=(491,229) dx=209 dy=-2 tickDelta=1045 noteDelta=1 left=1 capture=1
MOTION_APPLIED tickDelta=1080 noteDelta=1 selected=1
MOTION screen=(492,228) logical=(492,228) dx=210 dy=-3 tickDelta=1050 noteDelta=1 left=1 capture=1
MOTION_APPLIED tickDelta=1080 noteDelta=1 selected=1
MOTION screen=(496,228) logical=(496,228) dx=214 dy=-3 tickDelta=1070 noteDelta=1 left=1 capture=1
MOTION_APPLIED tickDelta=1080 noteDelta=1 selected=1
MOTION screen=(503,225) logical=(503,225) dx=221 dy=-6 tickDelta=1105 noteDelta=1 left=1 capture=1
MOTION_APPLIED tickDelta=1080 noteDelta=1 selected=1
MOTION screen=(506,224) logical=(506,224) dx=224 dy=-7 tickDelta=1120 noteDelta=1 left=1 capture=1
MOTION_APPLIED tickDelta=1080 noteDelta=1 selected=1
MOTION screen=(509,223) logical=(509,223) dx=227 dy=-8 tickDelta=1135 noteDelta=1 left=1 capture=1
MOTION_APPLIED tickDelta=1080 noteDelta=1 selected=1
MOTION screen=(511,222) logical=(511,222) dx=229 dy=-9 tickDelta=1145 noteDelta=1 left=1 capture=1
MOTION_APPLIED tickDelta=1200 noteDelta=1 selected=1
MOTION screen=(512,222) logical=(512,222) dx=230 dy=-9 tickDelta=1150 noteDelta=1 left=1 capture=1
MOTION_APPLIED tickDelta=1200 noteDelta=1 selected=1
MOTION screen=(513,222) logical=(513,222) dx=231 dy=-9 tickDelta=1155 noteDelta=1 left=1 capture=1
MOTION_APPLIED tickDelta=1200 noteDelta=1 selected=1
MOTION screen=(514,221) logical=(514,221) dx=232 dy=-10 tickDelta=1160 noteDelta=2 left=1 capture=1
MOTION_APPLIED tickDelta=1200 noteDelta=2 selected=1
MOTION screen=(515,221) logical=(515,221) dx=233 dy=-10 tickDelta=1165 noteDelta=2 left=1 capture=1
MOTION_APPLIED tickDelta=1200 noteDelta=2 selected=1
MOTION screen=(516,221) logical=(516,221) dx=234 dy=-10 tickDelta=1170 noteDelta=2 left=1 capture=1
MOTION_APPLIED tickDelta=1200 noteDelta=2 selected=1
MOTION screen=(518,221) logical=(518,221) dx=236 dy=-10 tickDelta=1180 noteDelta=2 left=1 capture=1
MOTION_APPLIED tickDelta=1200 noteDelta=2 selected=1
MOTION screen=(519,220) logical=(519,220) dx=237 dy=-11 tickDelta=1185 noteDelta=2 left=1 capture=1
MOTION_APPLIED tickDelta=1200 noteDelta=2 selected=1
LEFT_UP dragging=1 index=5 capture=1 selected=1
MOTION_IGNORED drag state inactive
MOTION_IGNORED drag state inactive
MOTION_IGNORED drag state inactive
MOTION_IGNORED drag state inactive
MOTION_IGNORED drag state inactive
MOTION_IGNORED drag state inactive
MOTION_IGNORED drag state inactive
MOTION_IGNORED drag state inactive
MOTION_IGNORED drag state inactive
MOTION_IGNORED drag state inactive
MOTION_IGNORED drag state inactive
MOTION_IGNORED drag state inactive
MOTION_IGNORED drag state inactive
MOTION_IGNORED drag state inactive
MOTION_IGNORED drag state inactive
MOTION_IGNORED drag state inactive
MOTION_IGNORED drag state inactive
MOTION_IGNORED drag state inactive
MOTION_IGNORED drag state inactive
MOTION_IGNORED drag state inactive
MOTION_IGNORED drag state inactive
MOTION_IGNORED drag state inactive
MOTION_IGNORED drag state inactive
MOTION_IGNORED drag state inactive
MOTION_IGNORED drag state inactive
MOTION_IGNORED drag state inactive
MOTION_IGNORED drag state inactive
MOTION_IGNORED drag state inactive
MOTION_IGNORED drag state inactive
MOTION_IGNORED drag state inactive
MOTION_IGNORED drag state inactive
MOTION_IGNORED drag state inactive
MOTION_IGNORED drag state inactive
MOTION_IGNORED drag state inactive
MOTION_IGNORED drag state inactive
MOTION_IGNORED drag state inactive
MOTION_IGNORED drag state inactive
MOTION_IGNORED drag state inactive
MOTION_IGNORED drag state inactive
MOTION_IGNORED drag state inactive
MOTION_IGNORED drag state inactive
MOTION_IGNORED drag state inactive
MOTION_IGNORED drag state inactive
MOTION_IGNORED drag state inactive
MOTION_IGNORED drag state inactive
MOTION_IGNORED drag state inactive
MOTION_IGNORED drag state inactive
MOTION_IGNORED drag state inactive
MOTION_IGNORED drag state inactive
MOTION_IGNORED drag state inactive
MOTION_IGNORED drag state inactive
MOTION_IGNORED drag state inactive
MOTION_IGNORED drag state inactive
MOTION_IGNORED drag state inactive
MOTION_IGNORED drag state inactive
MOTION_IGNORED drag state inactive
MOTION_IGNORED drag state inactive
MOTION_IGNORED drag state inactive
MOTION_IGNORED drag state inactive
MOTION_IGNORED drag state inactive
MOTION_IGNORED drag state inactive
MOTION_IGNORED drag state inactive
MOTION_IGNORED drag state inactive
MOTION_IGNORED drag state inactive
MOTION_IGNORED drag state inactive
MOTION_IGNORED drag state inactive
MOTION_IGNORED drag state inactive
MOTION_IGNORED drag state inactive
MOTION_IGNORED drag state inactive
MOTION_IGNORED drag state inactive
MOTION_IGNORED drag state inactive
MOTION_IGNORED drag state inactive
MOTION_IGNORED drag state inactive
MOTION_IGNORED drag state inactive
MOTION_IGNORED drag state inactive
MOTION_IGNORED drag state inactive
MOTION_IGNORED drag state inactive
MOTION_IGNORED drag state inactive
MOTION_IGNORED drag state inactive
MOTION_IGNORED drag state inactive
MOTION_IGNORED drag state inactive
MOTION_IGNORED drag state inactive
MOTION_IGNORED drag state inactive
MOTION_IGNORED drag state inactive
MOTION_IGNORED drag state inactive
MOTION_IGNORED drag state inactive
MOTION_IGNORED drag state inactive
MOTION_IGNORED drag state inactive
MOTION_IGNORED drag state inactive
MOTION_IGNORED drag state inactive
MOTION_IGNORED drag state inactive
MOTION_IGNORED drag state inactive
MOTION_IGNORED drag state inactive
MOTION_IGNORED drag state inactive
MOTION_IGNORED drag state inactive
MOTION_IGNORED drag state inactive
MOTION_IGNORED drag state inactive
MOTION_IGNORED drag state inactive
MOTION_IGNORED drag state inactive
MOTION_IGNORED drag state inactive
MOTION_IGNORED drag state inactive
MOTION_IGNORED drag state inactive
MOTION_IGNORED drag state inactive
MOTION_IGNORED drag state inactive
MOTION_IGNORED drag state inactive
MOTION_IGNORED drag state inactive
MOTION_IGNORED drag state inactive
MOTION_IGNORED drag state inactive
MOTION_IGNORED drag state inactive
MOTION_IGNORED drag state inactive
MOTION_IGNORED drag state inactive
MOTION_IGNORED drag state inactive
MOTION_IGNORED drag state inactive
MOTION_IGNORED drag state inactive
MOTION_IGNORED drag state inactive
MOTION_IGNORED drag state inactive
MOTION_IGNORED drag state inactive
MOTION_IGNORED drag state inactive
MOTION_IGNORED drag state inactive
MOTION_IGNORED drag state inactive
MOTION_IGNORED drag state inactive
MOTION_IGNORED drag state inactive
MOTION_IGNORED drag state inactive
MOTION_IGNORED drag state inactive
MOTION_IGNORED drag state inactive
MOTION_IGNORED drag state inactive
MOTION_IGNORED drag state inactive
MOTION_IGNORED drag state inactive
MOTION_IGNORED drag state inactive
MOTION_IGNORED drag state inactive
MOTION_IGNORED drag state inactive
MOTION_IGNORED drag state inactive
MOTION_IGNORED drag state inactive
MOTION_IGNORED drag state inactive
MOTION_IGNORED drag state inactive
MOTION_IGNORED drag state inactive
MOTION_IGNORED drag state inactive
MOTION_IGNORED drag state inactive
MOTION_IGNORED drag state inactive
MOTION_IGNORED drag state inactive
MOTION_IGNORED drag state inactive
MOTION_IGNORED drag state inactive
MOTION_IGNORED drag state inactive
MOTION_IGNORED drag state inactive
MOTION_IGNORED drag state inactive
MOTION_IGNORED drag state inactive
MOTION_IGNORED drag state inactive
MOTION_IGNORED drag state inactive
MOTION_IGNORED drag state inactive
MOTION_IGNORED drag state inactive
MOTION_IGNORED drag state inactive
MOTION_IGNORED drag state inactive
MOTION_IGNORED drag state inactive
MOTION_IGNORED drag state inactive
MOTION_IGNORED drag state inactive
MOTION_IGNORED drag state inactive
MOTION_IGNORED drag state inactive
MOTION_IGNORED drag state inactive
MOTION_IGNORED drag state inactive
MOTION_IGNORED drag state inactive
MOTION_IGNORED drag state inactive
MOTION_IGNORED drag state inactive
MOTION_IGNORED drag state inactive
MOTION_IGNORED drag state inactive
MOTION_IGNORED drag state inactive
MOTION_IGNORED drag state inactive
MOTION_IGNORED drag state inactive
MOTION_IGNORED drag state inactive
MOTION_IGNORED drag state inactive
MOTION_IGNORED drag state inactive
MOTION_IGNORED drag state inactive
MOTION_IGNORED drag state inactive
MOTION_IGNORED drag state inactive
MOTION_IGNORED drag state inactive
MOTION_IGNORED drag state inactive
MOTION_IGNORED drag state inactive
MOTION_IGNORED drag state inactive
MOTION_IGNORED drag state inactive
MOTION_IGNORED drag state inactive
MOTION_IGNORED drag state inactive
MOTION_IGNORED drag state inactive
MOTION_IGNORED drag state inactive
MOTION_IGNORED drag state inactive
MOTION_IGNORED drag state inactive
MOTION_IGNORED drag state inactive
MOTION_IGNORED drag state inactive
MOTION_IGNORED drag state inactive
MOTION_IGNORED drag state inactive
MOTION_IGNORED drag state inactive
MOTION_IGNORED drag state inactive
MOTION_IGNORED drag state inactive
MOTION_IGNORED drag state inactive
MOTION_IGNORED drag state inactive
MOTION_IGNORED drag state inactive
MOTION_IGNORED drag state inactive
MOTION_IGNORED drag state inactive
MOTION_IGNORED drag state inactive
MOTION_IGNORED drag state inactive
MOTION_IGNORED drag state inactive
MOTION_IGNORED drag state inactive
MOTION_IGNORED drag state inactive
MOTION_IGNORED drag state inactive
MOTION_IGNORED drag state inactive
MOTION_IGNORED drag state inactive
MOTION_IGNORED drag state inactive
MOTION_IGNORED drag state inactive
MOTION_IGNORED drag state inactive
MOTION_IGNORED drag state inactive
MOTION_IGNORED drag state inactive
MOTION_IGNORED drag state inactive
MOTION_IGNORED drag state inactive
MOTION_IGNORED drag state inactive
MOTION_IGNORED drag state inactive
MOTION_IGNORED drag state inactive
MOTION_IGNORED drag state inactive
MOTION_IGNORED drag state inactive
MOTION_IGNORED drag state inactive
MOTION_IGNORED drag state inactive
MOTION_IGNORED drag state inactive
MOTION_IGNORED drag state inactive
MOTION_IGNORED drag state inactive
MOTION_IGNORED drag state inactive
MOTION_IGNORED drag state inactive
MOTION_IGNORED drag state inactive
MOTION_IGNORED drag state inactive
MOTION_IGNORED drag state inactive
MOTION_IGNORED drag state inactive
MOTION_IGNORED drag state inactive
MOTION_IGNORED drag state inactive
MOTION_IGNORED drag state inactive
MOTION_IGNORED drag state inactive
MOTION_IGNORED drag state inactive
MOTION_IGNORED drag state inactive
MOTION_IGNORED drag state inactive
MOTION_IGNORED drag state inactive
MOTION_IGNORED drag state inactive
MOTION_IGNORED drag state inactive
MOTION_IGNORED drag state inactive
MOTION_IGNORED drag state inactive
MOTION_IGNORED drag state inactive
MOTION_IGNORED drag state inactive
MOTION_IGNORED drag state inactive
MOTION_IGNORED drag state inactive
MOTION_IGNORED drag state inactive
MOTION_IGNORED drag state inactive
MOTION_IGNORED drag state inactive
MOTION_IGNORED drag state inactive
MOTION_IGNORED drag state inactive
MOTION_IGNORED drag state inactive
MOTION_IGNORED drag state inactive
MOTION_IGNORED drag state inactive
MOTION_IGNORED drag state inactive
MOTION_IGNORED drag state inactive
MOTION_IGNORED drag state inactive
MOTION_IGNORED drag state inactive
MOTION_IGNORED drag state inactive
MOTION_IGNORED drag state inactive
MOTION_IGNORED drag state inactive
MOTION_IGNORED drag state inactive
MOTION_IGNORED drag state inactive
MOTION_IGNORED drag state inactive
MOTION_IGNORED drag state inactive
MOTION_IGNORED drag state inactive
MOTION_IGNORED drag state inactive
MOTION_IGNORED drag state inactive
MOTION_IGNORED drag state inactive
MOTION_IGNORED drag state inactive
MOTION_IGNORED drag state inactive
MOTION_IGNORED drag state inactive
MOTION_IGNORED drag state inactive
MOTION_IGNORED drag state inactive
MOTION_IGNORED drag state inactive
MOTION_IGNORED drag state inactive
MOTION_IGNORED drag state inactive
MOTION_IGNORED drag state inactive
MOTION_IGNORED drag state inactive
MOTION_IGNORED drag state inactive
MOTION_IGNORED drag state inactive
MOTION_IGNORED drag state inactive
MOTION_IGNORED drag state inactive
MOTION_IGNORED drag state inactive
MOTION_IGNORED drag state inactive
MOTION_IGNORED drag state inactive
MOTION_IGNORED drag state inactive
MOTION_IGNORED drag state inactive
MOTION_IGNORED drag state inactive
MOTION_IGNORED drag state inactive
MOTION_IGNORED drag state inactive
MOTION_IGNORED drag state inactive
MOTION_IGNORED drag state inactive
MOTION_IGNORED drag state inactive
MOTION_IGNORED drag state inactive
MOTION_IGNORED drag state inactive
MOTION_IGNORED drag state inactive
MOTION_IGNORED drag state inactive
MOTION_IGNORED drag state inactive
MOTION_IGNORED drag state inactive
MOTION_IGNORED drag state inactive
MOTION_IGNORED drag state inactive
MOTION_IGNORED drag state inactive
MOTION_IGNORED drag state inactive
MOTION_IGNORED drag state inactive
MOTION_IGNORED drag state inactive
MOTION_IGNORED drag state inactive
MOTION_IGNORED drag state inactive
MOTION_IGNORED drag state inactive
MOTION_IGNORED drag state inactive
MOTION_IGNORED drag state inactive
MOTION_IGNORED drag state inactive
MOTION_IGNORED drag state inactive
MOTION_IGNORED drag state inactive
MOTION_IGNORED drag state inactive
MOTION_IGNORED drag state inactive
MOTION_IGNORED drag state inactive
MOTION_IGNORED drag state inactive
MOTION_IGNORED drag state inactive
MOTION_IGNORED drag state inactive
MOTION_IGNORED drag state inactive
MOTION_IGNORED drag state inactive
MOTION_IGNORED drag state inactive
MOTION_IGNORED drag state inactive
MOTION_IGNORED drag state inactive
MOTION_IGNORED drag state inactive
MOTION_IGNORED drag state inactive
MOTION_IGNORED drag state inactive
MOTION_IGNORED drag state inactive
MOTION_IGNORED drag state inactive
MOTION_IGNORED drag state inactive
MOTION_IGNORED drag state inactive
MOTION_IGNORED drag state inactive
MOTION_IGNORED drag state inactive
MOTION_IGNORED drag state inactive
MOTION_IGNORED drag state inactive
MOTION_IGNORED drag state inactive
MOTION_IGNORED drag state inactive
MOTION_IGNORED drag state inactive
MOTION_IGNORED drag state inactive
MOTION_IGNORED drag state inactive
MOTION_IGNORED drag state inactive
MOTION_IGNORED drag state inactive
MOTION_IGNORED drag state inactive
MOTION_IGNORED drag state inactive
MOTION_IGNORED drag state inactive
MOTION_IGNORED drag state inactive
MOTION_IGNORED drag state inactive
MOTION_IGNORED drag state inactive
MOTION_IGNORED drag state inactive
MOTION_IGNORED drag state inactive
MOTION_IGNORED drag state inactive
MOTION_IGNORED drag state inactive
MOTION_IGNORED drag state inactive
MOTION_IGNORED drag state inactive
MOTION_IGNORED drag state inactive
MOTION_IGNORED drag state inactive
MOTION_IGNORED drag state inactive
MOTION_IGNORED drag state inactive
MOTION_IGNORED drag state inactive
MOTION_IGNORED drag state inactive
LEFT_DOWN screen=(536,359) logical=(536,359) hit=2 ctrl=0 selectedBefore=1
DRAG_ARMED index=2 id=event-00000004 startTick=1440 note=66 selectedNow=1
LEFT_UP dragging=1 index=2 capture=1 selected=1
MOTION_IGNORED drag state inactive
MOTION_IGNORED drag state inactive
MOTION_IGNORED drag state inactive
MOTION_IGNORED drag state inactive
MOTION_IGNORED drag state inactive
MOTION_IGNORED drag state inactive
MOTION_IGNORED drag state inactive
MOTION_IGNORED drag state inactive
MOTION_IGNORED drag state inactive
MOTION_IGNORED drag state inactive
MOTION_IGNORED drag state inactive
MOTION_IGNORED drag state inactive
MOTION_IGNORED drag state inactive
MOTION_IGNORED drag state inactive
MOTION_IGNORED drag state inactive
MOTION_IGNORED drag state inactive
MOTION_IGNORED drag state inactive
MOTION_IGNORED drag state inactive
MOTION_IGNORED drag state inactive
MOTION_IGNORED drag state inactive
MOTION_IGNORED drag state inactive
MOTION_IGNORED drag state inactive
MOTION_IGNORED drag state inactive
MOTION_IGNORED drag state inactive
MOTION_IGNORED drag state inactive
MOTION_IGNORED drag state inactive
MOTION_IGNORED drag state inactive
MOTION_IGNORED drag state inactive
MOTION_IGNORED drag state inactive
MOTION_IGNORED drag state inactive
MOTION_IGNORED drag state inactive
MOTION_IGNORED drag state inactive
MOTION_IGNORED drag state inactive
MOTION_IGNORED drag state inactive
MOTION_IGNORED drag state inactive
MOTION_IGNORED drag state inactive
MOTION_IGNORED drag state inactive
MOTION_IGNORED drag state inactive
MOTION_IGNORED drag state inactive
MOTION_IGNORED drag state inactive
MOTION_IGNORED drag state inactive
MOTION_IGNORED drag state inactive
MOTION_IGNORED drag state inactive
MOTION_IGNORED drag state inactive
MOTION_IGNORED drag state inactive
MOTION_IGNORED drag state inactive
MOTION_IGNORED drag state inactive
MOTION_IGNORED drag state inactive
MOTION_IGNORED drag state inactive
MOTION_IGNORED drag state inactive
MOTION_IGNORED drag state inactive
MOTION_IGNORED drag state inactive
MOTION_IGNORED drag state inactive
MOTION_IGNORED drag state inactive
MOTION_IGNORED drag state inactive
MOTION_IGNORED drag state inactive
LEFT_DOWN screen=(580,88) logical=(580,88) hit=-1 ctrl=0 selectedBefore=1
LEFT_UP dragging=0 index=-1 capture=1 selected=0
MOTION_IGNORED drag state inactive
MOTION_IGNORED drag state inactive
MOTION_IGNORED drag state inactive
MOTION_IGNORED drag state inactive
MOTION_IGNORED drag state inactive
MOTION_IGNORED drag state inactive
MOTION_IGNORED drag state inactive
MOTION_IGNORED drag state inactive
MOTION_IGNORED drag state inactive
MOTION_IGNORED drag state inactive
MOTION_IGNORED drag state inactive
MOTION_IGNORED drag state inactive
MOTION_IGNORED drag state inactive
MOTION_IGNORED drag state inactive
MOTION_IGNORED drag state inactive
MOTION_IGNORED drag state inactive
MOTION_IGNORED drag state inactive
MOTION_IGNORED drag state inactive
MOTION_IGNORED drag state inactive
MOTION_IGNORED drag state inactive
MOTION_IGNORED drag state inactive
MOTION_IGNORED drag state inactive
MOTION_IGNORED drag state inactive
MOTION_IGNORED drag state inactive
MOTION_IGNORED drag state inactive
MOTION_IGNORED drag state inactive
MOTION_IGNORED drag state inactive
MOTION_IGNORED drag state inactive
MOTION_IGNORED drag state inactive
MOTION_IGNORED drag state inactive
MOTION_IGNORED drag state inactive
MOTION_IGNORED drag state inactive
MOTION_IGNORED drag state inactive
MOTION_IGNORED drag state inactive
MOTION_IGNORED drag state inactive
MOTION_IGNORED drag state inactive
MOTION_IGNORED drag state inactive
MOTION_IGNORED drag state inactive
MOTION_IGNORED drag state inactive
MOTION_IGNORED drag state inactive
MOTION_IGNORED drag state inactive
MOTION_IGNORED drag state inactive
MOTION_IGNORED drag state inactive
MOTION_IGNORED drag state inactive
MOTION_IGNORED drag state inactive
MOTION_IGNORED drag state inactive
MOTION_IGNORED drag state inactive
MOTION_IGNORED drag state inactive
MOTION_IGNORED drag state inactive
MOTION_IGNORED drag state inactive
MOTION_IGNORED drag state inactive
MOTION_IGNORED drag state inactive
MOTION_IGNORED drag state inactive
MOTION_IGNORED drag state inactive
MOTION_IGNORED drag state inactive
MOTION_IGNORED drag state inactive
MOTION_IGNORED drag state inactive
MOTION_IGNORED drag state inactive
MOTION_IGNORED drag state inactive
MOTION_IGNORED drag state inactive
MOTION_IGNORED drag state inactive
MOTION_IGNORED drag state inactive
MOTION_IGNORED drag state inactive
MOTION_IGNORED drag state inactive
MOTION_IGNORED drag state inactive
MOTION_IGNORED drag state inactive
MOTION_IGNORED drag state inactive
MOTION_IGNORED drag state inactive
MOTION_IGNORED drag state inactive
MOTION_IGNORED drag state inactive
MOTION_IGNORED drag state inactive
MOTION_IGNORED drag state inactive
MOTION_IGNORED drag state inactive
MOTION_IGNORED drag state inactive
MOTION_IGNORED drag state inactive
MOTION_IGNORED drag state inactive
MOTION_IGNORED drag state inactive
MOTION_IGNORED drag state inactive
MOTION_IGNORED drag state inactive
MOTION_IGNORED drag state inactive
MOTION_IGNORED drag state inactive
MOTION_IGNORED drag state inactive
MOTION_IGNORED drag state inactive
MOTION_IGNORED drag state inactive
MOTION_IGNORED drag state inactive
MOTION_IGNORED drag state inactive
MOTION_IGNORED drag state inactive
MOTION_IGNORED drag state inactive
MOTION_IGNORED drag state inactive
MOTION_IGNORED drag state inactive
MOTION_IGNORED drag state inactive
MOTION_IGNORED drag state inactive
MOTION_IGNORED drag state inactive
MOTION_IGNORED drag state inactive
MOTION_IGNORED drag state inactive
MOTION_IGNORED drag state inactive
MOTION_IGNORED drag state inactive
MOTION_IGNORED drag state inactive
MOTION_IGNORED drag state inactive
MOTION_IGNORED drag state inactive
MOTION_IGNORED drag state inactive
MOTION_IGNORED drag state inactive
MOTION_IGNORED drag state inactive
MOTION_IGNORED drag state inactive
MOTION_IGNORED drag state inactive
MOTION_IGNORED drag state inactive
MOTION_IGNORED drag state inactive
MOTION_IGNORED drag state inactive
MOTION_IGNORED drag state inactive
MOTION_IGNORED drag state inactive
MOTION_IGNORED drag state inactive
MOTION_IGNORED drag state inactive
MOTION_IGNORED drag state inactive
MOTION_IGNORED drag state inactive
MOTION_IGNORED drag state inactive
MOTION_IGNORED drag state inactive
MOTION_IGNORED drag state inactive
MOTION_IGNORED drag state inactive
MOTION_IGNORED drag state inactive
MOTION_IGNORED drag state inactive
MOTION_IGNORED drag state inactive
MOTION_IGNORED drag state inactive
MOTION_IGNORED drag state inactive
MOTION_IGNORED drag state inactive
MOTION_IGNORED drag state inactive
MOTION_IGNORED drag state inactive
MOTION_IGNORED drag state inactive
MOTION_IGNORED drag state inactive
MOTION_IGNORED drag state inactive
MOTION_IGNORED drag state inactive
MOTION_IGNORED drag state inactive
MOTION_IGNORED drag state inactive
LEFT_DOWN screen=(157,411) logical=(157,411) hit=-1 ctrl=0 selectedBefore=0
LEFT_UP dragging=0 index=-1 capture=1 selected=0
MOTION_IGNORED drag state inactive
MOTION_IGNORED drag state inactive
MOTION_IGNORED drag state inactive
MOTION_IGNORED drag state inactive
MOTION_IGNORED drag state inactive
MOTION_IGNORED drag state inactive
MOTION_IGNORED drag state inactive
MOTION_IGNORED drag state inactive
MOTION_IGNORED drag state inactive
MOTION_IGNORED drag state inactive
MOTION_IGNORED drag state inactive
MOTION_IGNORED drag state inactive
MOTION_IGNORED drag state inactive
MOTION_IGNORED drag state inactive
MOTION_IGNORED drag state inactive
MOTION_IGNORED drag state inactive
MOTION_IGNORED drag state inactive
MOTION_IGNORED drag state inactive
MOTION_IGNORED drag state inactive
MOTION_IGNORED drag state inactive
MOTION_IGNORED drag state inactive
MOTION_IGNORED drag state inactive
MOTION_IGNORED drag state inactive
LEFT_DOWN screen=(167,466) logical=(167,466) hit=0 ctrl=0 selectedBefore=0
DRAG_ARMED index=0 id=event-00000001 startTick=0 note=60 selectedNow=1
MOTION screen=(169,466) logical=(169,466) dx=2 dy=0 tickDelta=10 noteDelta=0 left=1 capture=1
MOTION_APPLIED tickDelta=0 noteDelta=0 selected=1
MOTION screen=(173,466) logical=(173,466) dx=6 dy=0 tickDelta=30 noteDelta=0 left=1 capture=1
MOTION_APPLIED tickDelta=0 noteDelta=0 selected=1
MOTION screen=(185,466) logical=(185,466) dx=18 dy=0 tickDelta=90 noteDelta=0 left=1 capture=1
MOTION_APPLIED tickDelta=120 noteDelta=0 selected=1
MOTION screen=(204,465) logical=(204,465) dx=37 dy=-1 tickDelta=185 noteDelta=1 left=1 capture=1
MOTION_APPLIED tickDelta=240 noteDelta=1 selected=1
MOTION screen=(216,462) logical=(216,462) dx=49 dy=-4 tickDelta=244 noteDelta=1 left=1 capture=1
MOTION_APPLIED tickDelta=240 noteDelta=1 selected=1
MOTION screen=(223,460) logical=(223,460) dx=56 dy=-6 tickDelta=280 noteDelta=1 left=1 capture=1
MOTION_APPLIED tickDelta=240 noteDelta=1 selected=1
MOTION screen=(226,459) logical=(226,459) dx=59 dy=-7 tickDelta=295 noteDelta=1 left=1 capture=1
MOTION_APPLIED tickDelta=240 noteDelta=1 selected=1
MOTION screen=(227,459) logical=(227,459) dx=60 dy=-7 tickDelta=300 noteDelta=1 left=1 capture=1
MOTION_APPLIED tickDelta=360 noteDelta=1 selected=1
MOTION screen=(228,458) logical=(228,458) dx=61 dy=-8 tickDelta=305 noteDelta=1 left=1 capture=1
MOTION_APPLIED tickDelta=360 noteDelta=1 selected=1
MOTION screen=(230,458) logical=(230,458) dx=63 dy=-8 tickDelta=315 noteDelta=1 left=1 capture=1
MOTION_APPLIED tickDelta=360 noteDelta=1 selected=1
MOTION screen=(231,458) logical=(231,458) dx=64 dy=-8 tickDelta=320 noteDelta=1 left=1 capture=1
MOTION_APPLIED tickDelta=360 noteDelta=1 selected=1
LEFT_UP dragging=1 index=0 capture=1 selected=1
MOTION_IGNORED drag state inactive
MOTION_IGNORED drag state inactive
MOTION_IGNORED drag state inactive
MOTION_IGNORED drag state inactive
MOTION_IGNORED drag state inactive
MOTION_IGNORED drag state inactive
MOTION_IGNORED drag state inactive
MOTION_IGNORED drag state inactive
MOTION_IGNORED drag state inactive
MOTION_IGNORED drag state inactive
MOTION_IGNORED drag state inactive
MOTION_IGNORED drag state inactive
MOTION_IGNORED drag state inactive
MOTION_IGNORED drag state inactive
MOTION_IGNORED drag state inactive
MOTION_IGNORED drag state inactive
MOTION_IGNORED drag state inactive
MOTION_IGNORED drag state inactive
MOTION_IGNORED drag state inactive
MOTION_IGNORED drag state inactive
MOTION_IGNORED drag state inactive
MOTION_IGNORED drag state inactive
MOTION_IGNORED drag state inactive
MOTION_IGNORED drag state inactive
MOTION_IGNORED drag state inactive
MOTION_IGNORED drag state inactive
MOTION_IGNORED drag state inactive
MOTION_IGNORED drag state inactive
MOTION_IGNORED drag state inactive
MOTION_IGNORED drag state inactive
MOTION_IGNORED drag state inactive
MOTION_IGNORED drag state inactive
MOTION_IGNORED drag state inactive
MOTION_IGNORED drag state inactive
MOTION_IGNORED drag state inactive
MOTION_IGNORED drag state inactive
MOTION_IGNORED drag state inactive
MOTION_IGNORED drag state inactive
MOTION_IGNORED drag state inactive
MOTION_IGNORED drag state inactive
MOTION_IGNORED drag state inactive
MOTION_IGNORED drag state inactive
MOTION_IGNORED drag state inactive
MOTION_IGNORED drag state inactive
MOTION_IGNORED drag state inactive
MOTION_IGNORED drag state inactive
MOTION_IGNORED drag state inactive
MOTION_IGNORED drag state inactive
MOTION_IGNORED drag state inactive
MOTION_IGNORED drag state inactive
MOTION_IGNORED drag state inactive
MOTION_IGNORED drag state inactive
MOTION_IGNORED drag state inactive
MOTION_IGNORED drag state inactive
MOTION_IGNORED drag state inactive
MOTION_IGNORED drag state inactive
MOTION_IGNORED drag state inactive
MOTION_IGNORED drag state inactive
MOTION_IGNORED drag state inactive
MOTION_IGNORED drag state inactive
MOTION_IGNORED drag state inactive
MOTION_IGNORED drag state inactive
MOTION_IGNORED drag state inactive
MOTION_IGNORED drag state inactive
MOTION_IGNORED drag state inactive
MOTION_IGNORED drag state inactive
MOTION_IGNORED drag state inactive
LEFT_DOWN screen=(163,341) logical=(163,341) hit=-1 ctrl=0 selectedBefore=1
LEFT_UP dragging=0 index=-1 capture=1 selected=0
MOTION_IGNORED drag state inactive
MOTION_IGNORED drag state inactive
MOTION_IGNORED drag state inactive
MOTION_IGNORED drag state inactive
MOTION_IGNORED drag state inactive
MOTION_IGNORED drag state inactive
MOTION_IGNORED drag state inactive
MOTION_IGNORED drag state inactive
MOTION_IGNORED drag state inactive
MOTION_IGNORED drag state inactive
MOTION_IGNORED drag state inactive
MOTION_IGNORED drag state inactive
MOTION_IGNORED drag state inactive
MOTION_IGNORED drag state inactive
MOTION_IGNORED drag state inactive
MOTION_IGNORED drag state inactive
MOTION_IGNORED drag state inactive
MOTION_IGNORED drag state inactive
MOTION_IGNORED drag state inactive
MOTION_IGNORED drag state inactive
MOTION_IGNORED drag state inactive
MOTION_IGNORED drag state inactive
MOTION_IGNORED drag state inactive
MOTION_IGNORED drag state inactive
MOTION_IGNORED drag state inactive
MOTION_IGNORED drag state inactive
MOTION_IGNORED drag state inactive
MOTION_IGNORED drag state inactive
MOTION_IGNORED drag state inactive
MOTION_IGNORED drag state inactive
MOTION_IGNORED drag state inactive
MOTION_IGNORED drag state inactive
MOTION_IGNORED drag state inactive
MOTION_IGNORED drag state inactive
MOTION_IGNORED drag state inactive
MOTION_IGNORED drag state inactive
MOTION_IGNORED drag state inactive
MOTION_IGNORED drag state inactive
MOTION_IGNORED drag state inactive
MOTION_IGNORED drag state inactive
MOTION_IGNORED drag state inactive
MOTION_IGNORED drag state inactive
MOTION_IGNORED drag state inactive
MOTION_IGNORED drag state inactive
MOTION_IGNORED drag state inactive
MOTION_IGNORED drag state inactive
MOTION_IGNORED drag state inactive
MOTION_IGNORED drag state inactive
MOTION_IGNORED drag state inactive
MOTION_IGNORED drag state inactive
MOTION_IGNORED drag state inactive
MOTION_IGNORED drag state inactive
MOTION_IGNORED drag state inactive
LEFT_DOWN screen=(257,228) logical=(257,228) hit=-1 ctrl=0 selectedBefore=0
LEFT_UP dragging=0 index=-1 capture=1 selected=4
MOTION_IGNORED drag state inactive
MOTION_IGNORED drag state inactive
MOTION_IGNORED drag state inactive
MOTION_IGNORED drag state inactive
MOTION_IGNORED drag state inactive
MOTION_IGNORED drag state inactive
MOTION_IGNORED drag state inactive
MOTION_IGNORED drag state inactive
MOTION_IGNORED drag state inactive
MOTION_IGNORED drag state inactive
MOTION_IGNORED drag state inactive
MOTION_IGNORED drag state inactive
MOTION_IGNORED drag state inactive
MOTION_IGNORED drag state inactive
MOTION_IGNORED drag state inactive
MOTION_IGNORED drag state inactive
MOTION_IGNORED drag state inactive
MOTION_IGNORED drag state inactive
MOTION_IGNORED drag state inactive
MOTION_IGNORED drag state inactive
MOTION_IGNORED drag state inactive
MOTION_IGNORED drag state inactive
MOTION_IGNORED drag state inactive
MOTION_IGNORED drag state inactive
MOTION_IGNORED drag state inactive
MOTION_IGNORED drag state inactive
MOTION_IGNORED drag state inactive
MOTION_IGNORED drag state inactive
MOTION_IGNORED drag state inactive
MOTION_IGNORED drag state inactive
MOTION_IGNORED drag state inactive
MOTION_IGNORED drag state inactive
MOTION_IGNORED drag state inactive
MOTION_IGNORED drag state inactive
MOTION_IGNORED drag state inactive
MOTION_IGNORED drag state inactive
MOTION_IGNORED drag state inactive
MOTION_IGNORED drag state inactive
MOTION_IGNORED drag state inactive
MOTION_IGNORED drag state inactive
MOTION_IGNORED drag state inactive
MOTION_IGNORED drag state inactive
MOTION_IGNORED drag state inactive
MOTION_IGNORED drag state inactive
MOTION_IGNORED drag state inactive
MOTION_IGNORED drag state inactive
MOTION_IGNORED drag state inactive
MOTION_IGNORED drag state inactive
MOTION_IGNORED drag state inactive
MOTION_IGNORED drag state inactive
MOTION_IGNORED drag state inactive
MOTION_IGNORED drag state inactive
MOTION_IGNORED drag state inactive
MOTION_IGNORED drag state inactive
MOTION_IGNORED drag state inactive
MOTION_IGNORED drag state inactive
MOTION_IGNORED drag state inactive
MOTION_IGNORED drag state inactive
MOTION_IGNORED drag state inactive
MOTION_IGNORED drag state inactive
MOTION_IGNORED drag state inactive
MOTION_IGNORED drag state inactive
MOTION_IGNORED drag state inactive
MOTION_IGNORED drag state inactive
MOTION_IGNORED drag state inactive
MOTION_IGNORED drag state inactive
MOTION_IGNORED drag state inactive
MOTION_IGNORED drag state inactive
MOTION_IGNORED drag state inactive
MOTION_IGNORED drag state inactive
MOTION_IGNORED drag state inactive
MOTION_IGNORED drag state inactive
MOTION_IGNORED drag state inactive
MOTION_IGNORED drag state inactive
MOTION_IGNORED drag state inactive
MOTION_IGNORED drag state inactive
MOTION_IGNORED drag state inactive
MOTION_IGNORED drag state inactive
MOTION_IGNORED drag state inactive
MOTION_IGNORED drag state inactive
MOTION_IGNORED drag state inactive
MOTION_IGNORED drag state inactive
MOTION_IGNORED drag state inactive
MOTION_IGNORED drag state inactive
MOTION_IGNORED drag state inactive
MOTION_IGNORED drag state inactive
MOTION_IGNORED drag state inactive
MOTION_IGNORED drag state inactive
MOTION_IGNORED drag state inactive
MOTION_IGNORED drag state inactive
MOTION_IGNORED drag state inactive
MOTION_IGNORED drag state inactive
MOTION_IGNORED drag state inactive
MOTION_IGNORED drag state inactive
MOTION_IGNORED drag state inactive
MOTION_IGNORED drag state inactive
MOTION_IGNORED drag state inactive
MOTION_IGNORED drag state inactive
MOTION_IGNORED drag state inactive
MOTION_IGNORED drag state inactive
MOTION_IGNORED drag state inactive
MOTION_IGNORED drag state inactive
MOTION_IGNORED drag state inactive
MOTION_IGNORED drag state inactive
MOTION_IGNORED drag state inactive
MOTION_IGNORED drag state inactive
MOTION_IGNORED drag state inactive
MOTION_IGNORED drag state inactive
MOTION_IGNORED drag state inactive
MOTION_IGNORED drag state inactive
MOTION_IGNORED drag state inactive
MOTION_IGNORED drag state inactive
MOTION_IGNORED drag state inactive
MOTION_IGNORED drag state inactive
MOTION_IGNORED drag state inactive
MOTION_IGNORED drag state inactive
MOTION_IGNORED drag state inactive
MOTION_IGNORED drag state inactive
MOTION_IGNORED drag state inactive
MOTION_IGNORED drag state inactive
MOTION_IGNORED drag state inactive
MOTION_IGNORED drag state inactive
MOTION_IGNORED drag state inactive
MOTION_IGNORED drag state inactive
MOTION_IGNORED drag state inactive
MOTION_IGNORED drag state inactive
MOTION_IGNORED drag state inactive
MOTION_IGNORED drag state inactive
MOTION_IGNORED drag state inactive
MOTION_IGNORED drag state inactive
MOTION_IGNORED drag state inactive
MOTION_IGNORED drag state inactive
MOTION_IGNORED drag state inactive
MOTION_IGNORED drag state inactive
MOTION_IGNORED drag state inactive
MOTION_IGNORED drag state inactive
MOTION_IGNORED drag state inactive
MOTION_IGNORED drag state inactive
MOTION_IGNORED drag state inactive
MOTION_IGNORED drag state inactive
MOTION_IGNORED drag state inactive
MOTION_IGNORED drag state inactive
MOTION_IGNORED drag state inactive
MOTION_IGNORED drag state inactive
MOTION_IGNORED drag state inactive
MOTION_IGNORED drag state inactive
MOTION_IGNORED drag state inactive
MOTION_IGNORED drag state inactive
MOTION_IGNORED drag state inactive
MOTION_IGNORED drag state inactive
MOTION_IGNORED drag state inactive
MOTION_IGNORED drag state inactive
MOTION_IGNORED drag state inactive
MOTION_IGNORED drag state inactive
MOTION_IGNORED drag state inactive
MOTION_IGNORED drag state inactive
LEFT_DOWN screen=(507,352) logical=(507,352) hit=2 ctrl=0 selectedBefore=4
DRAG_ARMED index=2 id=event-00000004 startTick=1440 note=66 selectedNow=4
MOTION screen=(507,353) logical=(507,353) dx=0 dy=1 tickDelta=0 noteDelta=0 left=1 capture=1
MOTION_APPLIED tickDelta=0 noteDelta=0 selected=4
MOTION screen=(508,353) logical=(508,353) dx=1 dy=1 tickDelta=5 noteDelta=0 left=1 capture=1
MOTION_APPLIED tickDelta=0 noteDelta=0 selected=4
MOTION screen=(509,353) logical=(509,353) dx=2 dy=1 tickDelta=10 noteDelta=0 left=1 capture=1
MOTION_APPLIED tickDelta=0 noteDelta=0 selected=4
MOTION screen=(510,353) logical=(510,353) dx=3 dy=1 tickDelta=15 noteDelta=0 left=1 capture=1
MOTION_APPLIED tickDelta=0 noteDelta=0 selected=4
MOTION screen=(511,353) logical=(511,353) dx=4 dy=1 tickDelta=20 noteDelta=0 left=1 capture=1
MOTION_APPLIED tickDelta=0 noteDelta=0 selected=4
MOTION screen=(512,353) logical=(512,353) dx=5 dy=1 tickDelta=25 noteDelta=0 left=1 capture=1
MOTION_APPLIED tickDelta=0 noteDelta=0 selected=4
MOTION screen=(513,353) logical=(513,353) dx=6 dy=1 tickDelta=30 noteDelta=0 left=1 capture=1
MOTION_APPLIED tickDelta=0 noteDelta=0 selected=4
MOTION screen=(514,353) logical=(514,353) dx=7 dy=1 tickDelta=35 noteDelta=0 left=1 capture=1
MOTION_APPLIED tickDelta=0 noteDelta=0 selected=4
MOTION screen=(515,353) logical=(515,353) dx=8 dy=1 tickDelta=40 noteDelta=0 left=1 capture=1
MOTION_APPLIED tickDelta=0 noteDelta=0 selected=4
MOTION screen=(517,353) logical=(517,353) dx=10 dy=1 tickDelta=50 noteDelta=0 left=1 capture=1
MOTION_APPLIED tickDelta=0 noteDelta=0 selected=4
MOTION screen=(518,353) logical=(518,353) dx=11 dy=1 tickDelta=55 noteDelta=0 left=1 capture=1
MOTION_APPLIED tickDelta=0 noteDelta=0 selected=4
MOTION screen=(521,353) logical=(521,353) dx=14 dy=1 tickDelta=70 noteDelta=0 left=1 capture=1
MOTION_APPLIED tickDelta=120 noteDelta=0 selected=4
MOTION screen=(523,353) logical=(523,353) dx=16 dy=1 tickDelta=80 noteDelta=0 left=1 capture=1
MOTION_APPLIED tickDelta=120 noteDelta=0 selected=4
MOTION screen=(524,353) logical=(524,353) dx=17 dy=1 tickDelta=85 noteDelta=0 left=1 capture=1
MOTION_APPLIED tickDelta=120 noteDelta=0 selected=4
MOTION screen=(526,353) logical=(526,353) dx=19 dy=1 tickDelta=95 noteDelta=0 left=1 capture=1
MOTION_APPLIED tickDelta=120 noteDelta=0 selected=4
MOTION screen=(527,353) logical=(527,353) dx=20 dy=1 tickDelta=100 noteDelta=0 left=1 capture=1
MOTION_APPLIED tickDelta=120 noteDelta=0 selected=4
MOTION screen=(528,353) logical=(528,353) dx=21 dy=1 tickDelta=105 noteDelta=0 left=1 capture=1
MOTION_APPLIED tickDelta=120 noteDelta=0 selected=4
MOTION screen=(529,353) logical=(529,353) dx=22 dy=1 tickDelta=110 noteDelta=0 left=1 capture=1
MOTION_APPLIED tickDelta=120 noteDelta=0 selected=4
MOTION screen=(530,353) logical=(530,353) dx=23 dy=1 tickDelta=115 noteDelta=0 left=1 capture=1
MOTION_APPLIED tickDelta=120 noteDelta=0 selected=4
MOTION screen=(531,353) logical=(531,353) dx=24 dy=1 tickDelta=120 noteDelta=0 left=1 capture=1
MOTION_APPLIED tickDelta=120 noteDelta=0 selected=4
MOTION screen=(532,353) logical=(532,353) dx=25 dy=1 tickDelta=125 noteDelta=0 left=1 capture=1
MOTION_APPLIED tickDelta=120 noteDelta=0 selected=4
MOTION screen=(533,353) logical=(533,353) dx=26 dy=1 tickDelta=130 noteDelta=0 left=1 capture=1
MOTION_APPLIED tickDelta=120 noteDelta=0 selected=4
MOTION screen=(534,353) logical=(534,353) dx=27 dy=1 tickDelta=135 noteDelta=0 left=1 capture=1
MOTION_APPLIED tickDelta=120 noteDelta=0 selected=4
MOTION screen=(535,353) logical=(535,353) dx=28 dy=1 tickDelta=140 noteDelta=0 left=1 capture=1
MOTION_APPLIED tickDelta=120 noteDelta=0 selected=4
MOTION screen=(536,353) logical=(536,353) dx=29 dy=1 tickDelta=145 noteDelta=0 left=1 capture=1
MOTION_APPLIED tickDelta=120 noteDelta=0 selected=4
MOTION screen=(537,353) logical=(537,353) dx=30 dy=1 tickDelta=150 noteDelta=0 left=1 capture=1
MOTION_APPLIED tickDelta=120 noteDelta=0 selected=4
MOTION screen=(538,353) logical=(538,353) dx=31 dy=1 tickDelta=155 noteDelta=0 left=1 capture=1
MOTION_APPLIED tickDelta=120 noteDelta=0 selected=4
MOTION screen=(539,353) logical=(539,353) dx=32 dy=1 tickDelta=160 noteDelta=0 left=1 capture=1
MOTION_APPLIED tickDelta=120 noteDelta=0 selected=4
MOTION screen=(540,353) logical=(540,353) dx=33 dy=1 tickDelta=165 noteDelta=0 left=1 capture=1
MOTION_APPLIED tickDelta=120 noteDelta=0 selected=4
MOTION screen=(541,353) logical=(541,353) dx=34 dy=1 tickDelta=170 noteDelta=0 left=1 capture=1
MOTION_APPLIED tickDelta=120 noteDelta=0 selected=4
MOTION screen=(542,353) logical=(542,353) dx=35 dy=1 tickDelta=175 noteDelta=0 left=1 capture=1
MOTION_APPLIED tickDelta=120 noteDelta=0 selected=4
MOTION screen=(543,353) logical=(543,353) dx=36 dy=1 tickDelta=180 noteDelta=0 left=1 capture=1
MOTION_APPLIED tickDelta=240 noteDelta=0 selected=4
MOTION screen=(544,353) logical=(544,353) dx=37 dy=1 tickDelta=185 noteDelta=0 left=1 capture=1
MOTION_APPLIED tickDelta=240 noteDelta=0 selected=4
MOTION screen=(545,353) logical=(545,353) dx=38 dy=1 tickDelta=190 noteDelta=0 left=1 capture=1
MOTION_APPLIED tickDelta=240 noteDelta=0 selected=4
MOTION screen=(546,353) logical=(546,353) dx=39 dy=1 tickDelta=195 noteDelta=0 left=1 capture=1
MOTION_APPLIED tickDelta=240 noteDelta=0 selected=4
LEFT_UP dragging=1 index=2 capture=1 selected=4
MOTION_IGNORED drag state inactive
MOTION_IGNORED drag state inactive
MOTION_IGNORED drag state inactive
MOTION_IGNORED drag state inactive
MOTION_IGNORED drag state inactive
MOTION_IGNORED drag state inactive
MOTION_IGNORED drag state inactive
MOTION_IGNORED drag state inactive
MOTION_IGNORED drag state inactive
MOTION_IGNORED drag state inactive
MOTION_IGNORED drag state inactive
MOTION_IGNORED drag state inactive
MOTION_IGNORED drag state inactive
MOTION_IGNORED drag state inactive
MOTION_IGNORED drag state inactive
MOTION_IGNORED drag state inactive
MOTION_IGNORED drag state inactive
MOTION_IGNORED drag state inactive
MOTION_IGNORED drag state inactive
MOTION_IGNORED drag state inactive
MOTION_IGNORED drag state inactive
MOTION_IGNORED drag state inactive
MOTION_IGNORED drag state inactive
MOTION_IGNORED drag state inactive
MOTION_IGNORED drag state inactive
MOTION_IGNORED drag state inactive
MOTION_IGNORED drag state inactive
MOTION_IGNORED drag state inactive
MOTION_IGNORED drag state inactive
MOTION_IGNORED drag state inactive
MOTION_IGNORED drag state inactive
MOTION_IGNORED drag state inactive
MOTION_IGNORED drag state inactive
MOTION_IGNORED drag state inactive
MOTION_IGNORED drag state inactive
MOTION_IGNORED drag state inactive
MOTION_IGNORED drag state inactive
MOTION_IGNORED drag state inactive
MOTION_IGNORED drag state inactive
MOTION_IGNORED drag state inactive
MOTION_IGNORED drag state inactive
MOTION_IGNORED drag state inactive
MOTION_IGNORED drag state inactive
MOTION_IGNORED drag state inactive
MOTION_IGNORED drag state inactive
MOTION_IGNORED drag state inactive
MOTION_IGNORED drag state inactive
MOTION_IGNORED drag state inactive
MOTION_IGNORED drag state inactive
MOTION_IGNORED drag state inactive
MOTION_IGNORED drag state inactive
MOTION_IGNORED drag state inactive
MOTION_IGNORED drag state inactive
MOTION_IGNORED drag state inactive
MOTION_IGNORED drag state inactive
MOTION_IGNORED drag state inactive
MOTION_IGNORED drag state inactive
MOTION_IGNORED drag state inactive
MOTION_IGNORED drag state inactive
MOTION_IGNORED drag state inactive
MOTION_IGNORED drag state inactive
MOTION_IGNORED drag state inactive
MOTION_IGNORED drag state inactive
MOTION_IGNORED drag state inactive
MOTION_IGNORED drag state inactive
MOTION_IGNORED drag state inactive
MOTION_IGNORED drag state inactive
LEFT_DOWN screen=(630,73) logical=(630,73) hit=-1 ctrl=0 selectedBefore=4
LEFT_UP dragging=0 index=-1 capture=1 selected=0
MOTION_IGNORED drag state inactive
MOTION_IGNORED drag state inactive
MOTION_IGNORED drag state inactive
MOTION_IGNORED drag state inactive
MOTION_IGNORED drag state inactive
MOTION_IGNORED drag state inactive
MOTION_IGNORED drag state inactive
MOTION_IGNORED drag state inactive
MOTION_IGNORED drag state inactive
MOTION_IGNORED drag state inactive
MOTION_IGNORED drag state inactive
MOTION_IGNORED drag state inactive
MOTION_IGNORED drag state inactive
MOTION_IGNORED drag state inactive
MOTION_IGNORED drag state inactive
MOTION_IGNORED drag state inactive
MOTION_IGNORED drag state inactive
MOTION_IGNORED drag state inactive
MOTION_IGNORED drag state inactive
MOTION_IGNORED drag state inactive
MOTION_IGNORED drag state inactive
MOTION_IGNORED drag state inactive
MOTION_IGNORED drag state inactive
MOTION_IGNORED drag state inactive
MOTION_IGNORED drag state inactive
MOTION_IGNORED drag state inactive
MOTION_IGNORED drag state inactive
MOTION_IGNORED drag state inactive
MOTION_IGNORED drag state inactive
MOTION_IGNORED drag state inactive
MOTION_IGNORED drag state inactive
MOTION_IGNORED drag state inactive
MOTION_IGNORED drag state inactive
MOTION_IGNORED drag state inactive
MOTION_IGNORED drag state inactive
MOTION_IGNORED drag state inactive
MOTION_IGNORED drag state inactive
MOTION_IGNORED drag state inactive
MOTION_IGNORED drag state inactive
MOTION_IGNORED drag state inactive
MOTION_IGNORED drag state inactive
MOTION_IGNORED drag state inactive
MOTION_IGNORED drag state inactive
MOTION_IGNORED drag state inactive
MOTION_IGNORED drag state inactive
MOTION_IGNORED drag state inactive
MOTION_IGNORED drag state inactive
MOTION_IGNORED drag state inactive
MOTION_IGNORED drag state inactive
MOTION_IGNORED drag state inactive
MOTION_IGNORED drag state inactive
MOTION_IGNORED drag state inactive
MOTION_IGNORED drag state inactive
MOTION_IGNORED drag state inactive
MOTION_IGNORED drag state inactive
MOTION_IGNORED drag state inactive
MOTION_IGNORED drag state inactive
MOTION_IGNORED drag state inactive
MOTION_IGNORED drag state inactive
MOTION_IGNORED drag state inactive
MOTION_IGNORED drag state inactive
MOTION_IGNORED drag state inactive
MOTION_IGNORED drag state inactive
MOTION_IGNORED drag state inactive
MOTION_IGNORED drag state inactive
MOTION_IGNORED drag state inactive
MOTION_IGNORED drag state inactive
MOTION_IGNORED drag state inactive
MOTION_IGNORED drag state inactive
MOTION_IGNORED drag state inactive
MOTION_IGNORED drag state inactive
MOTION_IGNORED drag state inactive
MOTION_IGNORED drag state inactive
MOTION_IGNORED drag state inactive
MOTION_IGNORED drag state inactive
MOTION_IGNORED drag state inactive
MOTION_IGNORED drag state inactive
MOTION_IGNORED drag state inactive
MOTION_IGNORED drag state inactive
MOTION_IGNORED drag state inactive
MOTION_IGNORED drag state inactive
MOTION_IGNORED drag state inactive
MOTION_IGNORED drag state inactive
MOTION_IGNORED drag state inactive
MOTION_IGNORED drag state inactive
MOTION_IGNORED drag state inactive
MOTION_IGNORED drag state inactive
MOTION_IGNORED drag state inactive
MOTION_IGNORED drag state inactive
MOTION_IGNORED drag state inactive
LEFT_DOWN screen=(419,467) logical=(419,467) hit=0 ctrl=0 selectedBefore=0
DRAG_ARMED index=0 id=event-00000001 startTick=0 note=60 selectedNow=1
LEFT_UP dragging=1 index=0 capture=1 selected=1
MOTION_IGNORED drag state inactive
MOTION_IGNORED drag state inactive
MOTION_IGNORED drag state inactive
MOTION_IGNORED drag state inactive
MOTION_IGNORED drag state inactive
MOTION_IGNORED drag state inactive
MOTION_IGNORED drag state inactive
MOTION_IGNORED drag state inactive
MOTION_IGNORED drag state inactive
MOTION_IGNORED drag state inactive
MOTION_IGNORED drag state inactive
MOTION_IGNORED drag state inactive
MOTION_IGNORED drag state inactive
MOTION_IGNORED drag state inactive
MOTION_IGNORED drag state inactive
MOTION_IGNORED drag state inactive
MOTION_IGNORED drag state inactive
MOTION_IGNORED drag state inactive
MOTION_IGNORED drag state inactive
MOTION_IGNORED drag state inactive
MOTION_IGNORED drag state inactive
MOTION_IGNORED drag state inactive
MOTION_IGNORED drag state inactive
MOTION_IGNORED drag state inactive
MOTION_IGNORED drag state inactive
MOTION_IGNORED drag state inactive
MOTION_IGNORED drag state inactive
MOTION_IGNORED drag state inactive
MOTION_IGNORED drag state inactive
MOTION_IGNORED drag state inactive
MOTION_IGNORED drag state inactive
MOTION_IGNORED drag state inactive
MOTION_IGNORED drag state inactive
MOTION_IGNORED drag state inactive
MOTION_IGNORED drag state inactive
MOTION_IGNORED drag state inactive
MOTION_IGNORED drag state inactive
MOTION_IGNORED drag state inactive
MOTION_IGNORED drag state inactive
MOTION_IGNORED drag state inactive
MOTION_IGNORED drag state inactive
MOTION_IGNORED drag state inactive
MOTION_IGNORED drag state inactive
MOTION_IGNORED drag state inactive
MOTION_IGNORED drag state inactive
MOTION_IGNORED drag state inactive
MOTION_IGNORED drag state inactive
MOTION_IGNORED drag state inactive
MOTION_IGNORED drag state inactive
MOTION_IGNORED drag state inactive
MOTION_IGNORED drag state inactive
MOTION_IGNORED drag state inactive
MOTION_IGNORED drag state inactive
MOTION_IGNORED drag state inactive
MOTION_IGNORED drag state inactive
MOTION_IGNORED drag state inactive
MOTION_IGNORED drag state inactive
MOTION_IGNORED drag state inactive
MOTION_IGNORED drag state inactive
MOTION_IGNORED drag state inactive
MOTION_IGNORED drag state inactive
MOTION_IGNORED drag state inactive
MOTION_IGNORED drag state inactive
MOTION_IGNORED drag state inactive
MOTION_IGNORED drag state inactive
MOTION_IGNORED drag state inactive
MOTION_IGNORED drag state inactive
MOTION_IGNORED drag state inactive
MOTION_IGNORED drag state inactive
MOTION_IGNORED drag state inactive
MOTION_IGNORED drag state inactive
MOTION_IGNORED drag state inactive
MOTION_IGNORED drag state inactive
MOTION_IGNORED drag state inactive
MOTION_IGNORED drag state inactive
MOTION_IGNORED drag state inactive
MOTION_IGNORED drag state inactive
MOTION_IGNORED drag state inactive
MOTION_IGNORED drag state inactive
MOTION_IGNORED drag state inactive
MOTION_IGNORED drag state inactive
MOTION_IGNORED drag state inactive
MOTION_IGNORED drag state inactive
MOTION_IGNORED drag state inactive
MOTION_IGNORED drag state inactive
MOTION_IGNORED drag state inactive
MOTION_IGNORED drag state inactive
MOTION_IGNORED drag state inactive
MOTION_IGNORED drag state inactive
MOTION_IGNORED drag state inactive
MOTION_IGNORED drag state inactive
MOTION_IGNORED drag state inactive
MOTION_IGNORED drag state inactive
MOTION_IGNORED drag state inactive
MOTION_IGNORED drag state inactive
MOTION_IGNORED drag state inactive
MOTION_IGNORED drag state inactive
MOTION_IGNORED drag state inactive
MOTION_IGNORED drag state inactive
MOTION_IGNORED drag state inactive
MOTION_IGNORED drag state inactive
MOTION_IGNORED drag state inactive
MOTION_IGNORED drag state inactive
MOTION_IGNORED drag state inactive
MOTION_IGNORED drag state inactive
MOTION_IGNORED drag state inactive
MOTION_IGNORED drag state inactive
MOTION_IGNORED drag state inactive
MOTION_IGNORED drag state inactive
MOTION_IGNORED drag state inactive
MOTION_IGNORED drag state inactive
MOTION_IGNORED drag state inactive
MOTION_IGNORED drag state inactive
MOTION_IGNORED drag state inactive
MOTION_IGNORED drag state inactive
MOTION_IGNORED drag state inactive
MOTION_IGNORED drag state inactive
MOTION_IGNORED drag state inactive
MOTION_IGNORED drag state inactive
MOTION_IGNORED drag state inactive
MOTION_IGNORED drag state inactive
MOTION_IGNORED drag state inactive
MOTION_IGNORED drag state inactive
MOTION_IGNORED drag state inactive
MOTION_IGNORED drag state inactive
MOTION_IGNORED drag state inactive
MOTION_IGNORED drag state inactive
MOTION_IGNORED drag state inactive
MOTION_IGNORED drag state inactive
MOTION_IGNORED drag state inactive
MOTION_IGNORED drag state inactive
MOTION_IGNORED drag state inactive
MOTION_IGNORED drag state inactive
MOTION_IGNORED drag state inactive
MOTION_IGNORED drag state inactive
MOTION_IGNORED drag state inactive
MOTION_IGNORED drag state inactive
MOTION_IGNORED drag state inactive
MOTION_IGNORED drag state inactive
MOTION_IGNORED drag state inactive
MOTION_IGNORED drag state inactive
MOTION_IGNORED drag state inactive
MOTION_IGNORED drag state inactive
MOTION_IGNORED drag state inactive
MOTION_IGNORED drag state inactive
MOTION_IGNORED drag state inactive
MOTION_IGNORED drag state inactive
MOTION_IGNORED drag state inactive
MOTION_IGNORED drag state inactive
MOTION_IGNORED drag state inactive
MOTION_IGNORED drag state inactive
MOTION_IGNORED drag state inactive
MOTION_IGNORED drag state inactive
MOTION_IGNORED drag state inactive
MOTION_IGNORED drag state inactive
MOTION_IGNORED drag state inactive
MOTION_IGNORED drag state inactive
MOTION_IGNORED drag state inactive
MOTION_IGNORED drag state inactive
MOTION_IGNORED drag state inactive
MOTION_IGNORED drag state inactive
MOTION_IGNORED drag state inactive
MOTION_IGNORED drag state inactive
MOTION_IGNORED drag state inactive
MOTION_IGNORED drag state inactive
MOTION_IGNORED drag state inactive
MOTION_IGNORED drag state inactive
MOTION_IGNORED drag state inactive
MOTION_IGNORED drag state inactive
MOTION_IGNORED drag state inactive
MOTION_IGNORED drag state inactive
MOTION_IGNORED drag state inactive
MOTION_IGNORED drag state inactive
MOTION_IGNORED drag state inactive
MOTION_IGNORED drag state inactive
MOTION_IGNORED drag state inactive
MOTION_IGNORED drag state inactive
MOTION_IGNORED drag state inactive
MOTION_IGNORED drag state inactive
MOTION_IGNORED drag state inactive
MOTION_IGNORED drag state inactive
MOTION_IGNORED drag state inactive
MOTION_IGNORED drag state inactive
MOTION_IGNORED drag state inactive
MOTION_IGNORED drag state inactive
MOTION_IGNORED drag state inactive
MOTION_IGNORED drag state inactive
MOTION_IGNORED drag state inactive
MOTION_IGNORED drag state inactive
MOTION_IGNORED drag state inactive
MOTION_IGNORED drag state inactive
MOTION_IGNORED drag state inactive
MOTION_IGNORED drag state inactive
MOTION_IGNORED drag state inactive
MOTION_IGNORED drag state inactive
MOTION_IGNORED drag state inactive
MOTION_IGNORED drag state inactive
MOTION_IGNORED drag state inactive
MOTION_IGNORED drag state inactive
MOTION_IGNORED drag state inactive
MOTION_IGNORED drag state inactive
MOTION_IGNORED drag state inactive
MOTION_IGNORED drag state inactive
MOTION_IGNORED drag state inactive
MOTION_IGNORED drag state inactive
MOTION_IGNORED drag state inactive
MOTION_IGNORED drag state inactive
MOTION_IGNORED drag state inactive
MOTION_IGNORED drag state inactive
MOTION_IGNORED drag state inactive
MOTION_IGNORED drag state inactive
MOTION_IGNORED drag state inactive
MOTION_IGNORED drag state inactive
MOTION_IGNORED drag state inactive
MOTION_IGNORED drag state inactive
MOTION_IGNORED drag state inactive
MOTION_IGNORED drag state inactive
MOTION_IGNORED drag state inactive
MOTION_IGNORED drag state inactive
MOTION_IGNORED drag state inactive
MOTION_IGNORED drag state inactive
MOTION_IGNORED drag state inactive
MOTION_IGNORED drag state inactive
MOTION_IGNORED drag state inactive
MOTION_IGNORED drag state inactive
MOTION_IGNORED drag state inactive
MOTION_IGNORED drag state inactive
MOTION_IGNORED drag state inactive
MOTION_IGNORED drag state inactive
MOTION_IGNORED drag state inactive
MOTION_IGNORED drag state inactive
MOTION_IGNORED drag state inactive
MOTION_IGNORED drag state inactive
MOTION_IGNORED drag state inactive
MOTION_IGNORED drag state inactive
MOTION_IGNORED drag state inactive
MOTION_IGNORED drag state inactive
MOTION_IGNORED drag state inactive
MOTION_IGNORED drag state inactive
MOTION_IGNORED drag state inactive
MOTION_IGNORED drag state inactive
MOTION_IGNORED drag state inactive
MOTION_IGNORED drag state inactive
MOTION_IGNORED drag state inactive
MOTION_IGNORED drag state inactive
MOTION_IGNORED drag state inactive
MOTION_IGNORED drag state inactive
MOTION_IGNORED drag state inactive
MOTION_IGNORED drag state inactive
MOTION_IGNORED drag state inactive
MOTION_IGNORED drag state inactive
MOTION_IGNORED drag state inactive
MOTION_IGNORED drag state inactive
MOTION_IGNORED drag state inactive
MOTION_IGNORED drag state inactive
MOTION_IGNORED drag state inactive
MOTION_IGNORED drag state inactive
MOTION_IGNORED drag state inactive
MOTION_IGNORED drag state inactive
MOTION_IGNORED drag state inactive
MOTION_IGNORED drag state inactive
MOTION_IGNORED drag state inactive
MOTION_IGNORED drag state inactive
MOTION_IGNORED drag state inactive
MOTION_IGNORED drag state inactive
MOTION_IGNORED drag state inactive
MOTION_IGNORED drag state inactive
MOTION_IGNORED drag state inactive
MOTION_IGNORED drag state inactive
MOTION_IGNORED drag state inactive
MOTION_IGNORED drag state inactive
MOTION_IGNORED drag state inactive
MOTION_IGNORED drag state inactive
MOTION_IGNORED drag state inactive
MOTION_IGNORED drag state inactive
MOTION_IGNORED drag state inactive
MOTION_IGNORED drag state inactive
MOTION_IGNORED drag state inactive
MOTION_IGNORED drag state inactive
MOTION_IGNORED drag state inactive
MOTION_IGNORED drag state inactive
MOTION_IGNORED drag state inactive
MOTION_IGNORED drag state inactive
MOTION_IGNORED drag state inactive
MOTION_IGNORED drag state inactive
MOTION_IGNORED drag state inactive
MOTION_IGNORED drag state inactive
MOTION_IGNORED drag state inactive
MOTION_IGNORED drag state inactive
MOTION_IGNORED drag state inactive
MOTION_IGNORED drag state inactive
MOTION_IGNORED drag state inactive
MOTION_IGNORED drag state inactive
MOTION_IGNORED drag state inactive
MOTION_IGNORED drag state inactive
MOTION_IGNORED drag state inactive
MOTION_IGNORED drag state inactive
MOTION_IGNORED drag state inactive
MOTION_IGNORED drag state inactive
MOTION_IGNORED drag state inactive
MOTION_IGNORED drag state inactive
MOTION_IGNORED drag state inactive
MOTION_IGNORED drag state inactive
MOTION_IGNORED drag state inactive
MOTION_IGNORED drag state inactive
MOTION_IGNORED drag state inactive
MOTION_IGNORED drag state inactive
MOTION_IGNORED drag state inactive
MOTION_IGNORED drag state inactive
MOTION_IGNORED drag state inactive
MOTION_IGNORED drag state inactive
MOTION_IGNORED drag state inactive
MOTION_IGNORED drag state inactive
MOTION_IGNORED drag state inactive
MOTION_IGNORED drag state inactive
MOTION_IGNORED drag state inactive
MOTION_IGNORED drag state inactive
MOTION_IGNORED drag state inactive
MOTION_IGNORED drag state inactive
MOTION_IGNORED drag state inactive
MOTION_IGNORED drag state inactive
MOTION_IGNORED drag state inactive
MOTION_IGNORED drag state inactive
MOTION_IGNORED drag state inactive
MOTION_IGNORED drag state inactive
MOTION_IGNORED drag state inactive
MOTION_IGNORED drag state inactive
MOTION_IGNORED drag state inactive
MOTION_IGNORED drag state inactive
MOTION_IGNORED drag state inactive
MOTION_IGNORED drag state inactive
MOTION_IGNORED drag state inactive
MOTION_IGNORED drag state inactive
MOTION_IGNORED drag state inactive
MOTION_IGNORED drag state inactive
MOTION_IGNORED drag state inactive
MOTION_IGNORED drag state inactive
MOTION_IGNORED drag state inactive
MOTION_IGNORED drag state inactive
LEFT_DOWN screen=(150,294) logical=(150,294) hit=-1 ctrl=0 selectedBefore=1
LEFT_UP dragging=0 index=-1 capture=1 selected=0
MOTION_IGNORED drag state inactive
MOTION_IGNORED drag state inactive
MOTION_IGNORED drag state inactive
MOTION_IGNORED drag state inactive
MOTION_IGNORED drag state inactive
MOTION_IGNORED drag state inactive
MOTION_IGNORED drag state inactive
MOTION_IGNORED drag state inactive
MOTION_IGNORED drag state inactive
MOTION_IGNORED drag state inactive
MOTION_IGNORED drag state inactive
MOTION_IGNORED drag state inactive
MOTION_IGNORED drag state inactive
MOTION_IGNORED drag state inactive
MOTION_IGNORED drag state inactive
MOTION_IGNORED drag state inactive
MOTION_IGNORED drag state inactive
MOTION_IGNORED drag state inactive
MOTION_IGNORED drag state inactive
MOTION_IGNORED drag state inactive
MOTION_IGNORED drag state inactive
MOTION_IGNORED drag state inactive
MOTION_IGNORED drag state inactive
MOTION_IGNORED drag state inactive
MOTION_IGNORED drag state inactive
MOTION_IGNORED drag state inactive
MOTION_IGNORED drag state inactive
MOTION_IGNORED drag state inactive
MOTION_IGNORED drag state inactive
MOTION_IGNORED drag state inactive
MOTION_IGNORED drag state inactive
MOTION_IGNORED drag state inactive
MOTION_IGNORED drag state inactive
MOTION_IGNORED drag state inactive
MOTION_IGNORED drag state inactive
MOTION_IGNORED drag state inactive
MOTION_IGNORED drag state inactive
MOTION_IGNORED drag state inactive
LEFT_DOWN screen=(441,66) logical=(441,66) hit=-1 ctrl=0 selectedBefore=0
LEFT_UP dragging=0 index=-1 capture=1 selected=0
MOTION_IGNORED drag state inactive
MOTION_IGNORED drag state inactive
MOTION_IGNORED drag state inactive
MOTION_IGNORED drag state inactive
MOTION_IGNORED drag state inactive
MOTION_IGNORED drag state inactive
MOTION_IGNORED drag state inactive
MOTION_IGNORED drag state inactive
MOTION_IGNORED drag state inactive
MOTION_IGNORED drag state inactive
MOTION_IGNORED drag state inactive
MOTION_IGNORED drag state inactive
MOTION_IGNORED drag state inactive
MOTION_IGNORED drag state inactive
MOTION_IGNORED drag state inactive
MOTION_IGNORED drag state inactive
MOTION_IGNORED drag state inactive
MOTION_IGNORED drag state inactive
MOTION_IGNORED drag state inactive
MOTION_IGNORED drag state inactive
MOTION_IGNORED drag state inactive
MOTION_IGNORED drag state inactive
MOTION_IGNORED drag state inactive
MOTION_IGNORED drag state inactive
MOTION_IGNORED drag state inactive
MOTION_IGNORED drag state inactive
MOTION_IGNORED drag state inactive
MOTION_IGNORED drag state inactive
MOTION_IGNORED drag state inactive
MOTION_IGNORED drag state inactive
MOTION_IGNORED drag state inactive
MOTION_IGNORED drag state inactive
MOTION_IGNORED drag state inactive
MOTION_IGNORED drag state inactive
MOTION_IGNORED drag state inactive
MOTION_IGNORED drag state inactive
MOTION_IGNORED drag state inactive
MOTION_IGNORED drag state inactive
MOTION_IGNORED drag state inactive
MOTION_IGNORED drag state inactive
MOTION_IGNORED drag state inactive
MOTION_IGNORED drag state inactive
MOTION_IGNORED drag state inactive
MOTION_IGNORED drag state inactive
MOTION_IGNORED drag state inactive
MOTION_IGNORED drag state inactive
MOTION_IGNORED drag state inactive
MOTION_IGNORED drag state inactive
MOTION_IGNORED drag state inactive
MOTION_IGNORED drag state inactive
MOTION_IGNORED drag state inactive
MOTION_IGNORED drag state inactive
MOTION_IGNORED drag state inactive
MOTION_IGNORED drag state inactive
MOTION_IGNORED drag state inactive
MOTION_IGNORED drag state inactive
MOTION_IGNORED drag state inactive
MOTION_IGNORED drag state inactive
MOTION_IGNORED drag state inactive
MOTION_IGNORED drag state inactive
MOTION_IGNORED drag state inactive
MOTION_IGNORED drag state inactive
MOTION_IGNORED drag state inactive
MOTION_IGNORED drag state inactive
MOTION_IGNORED drag state inactive
MOTION_IGNORED drag state inactive
MOTION_IGNORED drag state inactive
MOTION_IGNORED drag state inactive
MOTION_IGNORED drag state inactive
MOTION_IGNORED drag state inactive
MOTION_IGNORED drag state inactive
MOTION_IGNORED drag state inactive
MOTION_IGNORED drag state inactive
MOTION_IGNORED drag state inactive
MOTION_IGNORED drag state inactive
MOTION_IGNORED drag state inactive
MOTION_IGNORED drag state inactive
MOTION_IGNORED drag state inactive
MOTION_IGNORED drag state inactive
MOTION_IGNORED drag state inactive
MOTION_IGNORED drag state inactive
MOTION_IGNORED drag state inactive
MOTION_IGNORED drag state inactive
MOTION_IGNORED drag state inactive
MOTION_IGNORED drag state inactive
MOTION_IGNORED drag state inactive
MOTION_IGNORED drag state inactive
MOTION_IGNORED drag state inactive
MOTION_IGNORED drag state inactive
MOTION_IGNORED drag state inactive
MOTION_IGNORED drag state inactive
MOTION_IGNORED drag state inactive
MOTION_IGNORED drag state inactive
MOTION_IGNORED drag state inactive
MOTION_IGNORED drag state inactive
MOTION_IGNORED drag state inactive
MOTION_IGNORED drag state inactive
MOTION_IGNORED drag state inactive
MOTION_IGNORED drag state inactive
MOTION_IGNORED drag state inactive
MOTION_IGNORED drag state inactive
MOTION_IGNORED drag state inactive
MOTION_IGNORED drag state inactive
MOTION_IGNORED drag state inactive
MOTION_IGNORED drag state inactive
MOTION_IGNORED drag state inactive
MOTION_IGNORED drag state inactive
MOTION_IGNORED drag state inactive
MOTION_IGNORED drag state inactive
MOTION_IGNORED drag state inactive
MOTION_IGNORED drag state inactive
MOTION_IGNORED drag state inactive
MOTION_IGNORED drag state inactive
MOTION_IGNORED drag state inactive
MOTION_IGNORED drag state inactive
MOTION_IGNORED drag state inactive
MOTION_IGNORED drag state inactive
MOTION_IGNORED drag state inactive
MOTION_IGNORED drag state inactive
MOTION_IGNORED drag state inactive
MOTION_IGNORED drag state inactive
MOTION_IGNORED drag state inactive
MOTION_IGNORED drag state inactive
MOTION_IGNORED drag state inactive
MOTION_IGNORED drag state inactive
MOTION_IGNORED drag state inactive
MOTION_IGNORED drag state inactive
MOTION_IGNORED drag state inactive
MOTION_IGNORED drag state inactive
MOTION_IGNORED drag state inactive
MOTION_IGNORED drag state inactive
MOTION_IGNORED drag state inactive
MOTION_IGNORED drag state inactive
MOTION_IGNORED drag state inactive
MOTION_IGNORED drag state inactive
MOTION_IGNORED drag state inactive
MOTION_IGNORED drag state inactive
MOTION_IGNORED drag state inactive
MOTION_IGNORED drag state inactive
MOTION_IGNORED drag state inactive
MOTION_IGNORED drag state inactive
MOTION_IGNORED drag state inactive
MOTION_IGNORED drag state inactive
MOTION_IGNORED drag state inactive
MOTION_IGNORED drag state inactive
MOTION_IGNORED drag state inactive
MOTION_IGNORED drag state inactive
MOTION_IGNORED drag state inactive
MOTION_IGNORED drag state inactive
MOTION_IGNORED drag state inactive
MOTION_IGNORED drag state inactive
MOTION_IGNORED drag state inactive
MOTION_IGNORED drag state inactive
MOTION_IGNORED drag state inactive
MOTION_IGNORED drag state inactive
MOTION_IGNORED drag state inactive
MOTION_IGNORED drag state inactive
MOTION_IGNORED drag state inactive
MOTION_IGNORED drag state inactive
MOTION_IGNORED drag state inactive
MOTION_IGNORED drag state inactive
MOTION_IGNORED drag state inactive
MOTION_IGNORED drag state inactive
MOTION_IGNORED drag state inactive
MOTION_IGNORED drag state inactive
MOTION_IGNORED drag state inactive
MOTION_IGNORED drag state inactive
MOTION_IGNORED drag state inactive
MOTION_IGNORED drag state inactive
MOTION_IGNORED drag state inactive
MOTION_IGNORED drag state inactive
MOTION_IGNORED drag state inactive
MOTION_IGNORED drag state inactive
MOTION_IGNORED drag state inactive
MOTION_IGNORED drag state inactive
MOTION_IGNORED drag state inactive
MOTION_IGNORED drag state inactive
MOTION_IGNORED drag state inactive
MOTION_IGNORED drag state inactive
MOTION_IGNORED drag state inactive
MOTION_IGNORED drag state inactive
MOTION_IGNORED drag state inactive
MOTION_IGNORED drag state inactive
MOTION_IGNORED drag state inactive
MOTION_IGNORED drag state inactive
MOTION_IGNORED drag state inactive
MOTION_IGNORED drag state inactive
MOTION_IGNORED drag state inactive
MOTION_IGNORED drag state inactive
MOTION_IGNORED drag state inactive
MOTION_IGNORED drag state inactive
MOTION_IGNORED drag state inactive
MOTION_IGNORED drag state inactive
MOTION_IGNORED drag state inactive
MOTION_IGNORED drag state inactive
MOTION_IGNORED drag state inactive
MOTION_IGNORED drag state inactive
MOTION_IGNORED drag state inactive
MOTION_IGNORED drag state inactive
MOTION_IGNORED drag state inactive
MOTION_IGNORED drag state inactive
MOTION_IGNORED drag state inactive
MOTION_IGNORED drag state inactive
MOTION_IGNORED drag state inactive
MOTION_IGNORED drag state inactive
MOTION_IGNORED drag state inactive
MOTION_IGNORED drag state inactive
MOTION_IGNORED drag state inactive
MOTION_IGNORED drag state inactive
MOTION_IGNORED drag state inactive
MOTION_IGNORED drag state inactive
MOTION_IGNORED drag state inactive
MOTION_IGNORED drag state inactive
MOTION_IGNORED drag state inactive
MOTION_IGNORED drag state inactive
MOTION_IGNORED drag state inactive
MOTION_IGNORED drag state inactive
MOTION_IGNORED drag state inactive
MOTION_IGNORED drag state inactive
MOTION_IGNORED drag state inactive
MOTION_IGNORED drag state inactive
MOTION_IGNORED drag state inactive
MOTION_IGNORED drag state inactive
MOTION_IGNORED drag state inactive
MOTION_IGNORED drag state inactive
MOTION_IGNORED drag state inactive
MOTION_IGNORED drag state inactive
MOTION_IGNORED drag state inactive
MOTION_IGNORED drag state inactive
MOTION_IGNORED drag state inactive
MOTION_IGNORED drag state inactive
MOTION_IGNORED drag state inactive
MOTION_IGNORED drag state inactive
MOTION_IGNORED drag state inactive
MOTION_IGNORED drag state inactive
MOTION_IGNORED drag state inactive
MOTION_IGNORED drag state inactive
MOTION_IGNORED drag state inactive
MOTION_IGNORED drag state inactive
MOTION_IGNORED drag state inactive
MOTION_IGNORED drag state inactive
MOTION_IGNORED drag state inactive
MOTION_IGNORED drag state inactive
MOTION_IGNORED drag state inactive
MOTION_IGNORED drag state inactive
MOTION_IGNORED drag state inactive
MOTION_IGNORED drag state inactive
MOTION_IGNORED drag state inactive
MOTION_IGNORED drag state inactive
MOTION_IGNORED drag state inactive
MOTION_IGNORED drag state inactive
MOTION_IGNORED drag state inactive
MOTION_IGNORED drag state inactive
MOTION_IGNORED drag state inactive
MOTION_IGNORED drag state inactive
MOTION_IGNORED drag state inactive
MOTION_IGNORED drag state inactive
MOTION_IGNORED drag state inactive
MOTION_IGNORED drag state inactive
MOTION_IGNORED drag state inactive
MOTION_IGNORED drag state inactive
MOTION_IGNORED drag state inactive
MOTION_IGNORED drag state inactive
MOTION_IGNORED drag state inactive
MOTION_IGNORED drag state inactive
MOTION_IGNORED drag state inactive
MOTION_IGNORED drag state inactive
MOTION_IGNORED drag state inactive
MOTION_IGNORED drag state inactive
MOTION_IGNORED drag state inactive
MOTION_IGNORED drag state inactive
MOTION_IGNORED drag state inactive
MOTION_IGNORED drag state inactive
MOTION_IGNORED drag state inactive
MOTION_IGNORED drag state inactive
MOTION_IGNORED drag state inactive
MOTION_IGNORED drag state inactive
MOTION_IGNORED drag state inactive
MOTION_IGNORED drag state inactive
MOTION_IGNORED drag state inactive
MOTION_IGNORED drag state inactive
MOTION_IGNORED drag state inactive
MOTION_IGNORED drag state inactive
MOTION_IGNORED drag state inactive
MOTION_IGNORED drag state inactive
MOTION_IGNORED drag state inactive
MOTION_IGNORED drag state inactive
MOTION_IGNORED drag state inactive
MOTION_IGNORED drag state inactive
MOTION_IGNORED drag state inactive
MOTION_IGNORED drag state inactive
MOTION_IGNORED drag state inactive
MOTION_IGNORED drag state inactive
MOTION_IGNORED drag state inactive
MOTION_IGNORED drag state inactive
MOTION_IGNORED drag state inactive
MOTION_IGNORED drag state inactive
MOTION_IGNORED drag state inactive
MOTION_IGNORED drag state inactive
MOTION_IGNORED drag state inactive
MOTION_IGNORED drag state inactive
MOTION_IGNORED drag state inactive
MOTION_IGNORED drag state inactive
MOTION_IGNORED drag state inactive
MOTION_IGNORED drag state inactive
MOTION_IGNORED drag state inactive
MOTION_IGNORED drag state inactive
MOTION_IGNORED drag state inactive
MOTION_IGNORED drag state inactive
MOTION_IGNORED drag state inactive
MOTION_IGNORED drag state inactive
MOTION_IGNORED drag state inactive
MOTION_IGNORED drag state inactive
MOTION_IGNORED drag state inactive
MOTION_IGNORED drag state inactive
MOTION_IGNORED drag state inactive
MOTION_IGNORED drag state inactive
MOTION_IGNORED drag state inactive
MOTION_IGNORED drag state inactive
MOTION_IGNORED drag state inactive
MOTION_IGNORED drag state inactive
MOTION_IGNORED drag state inactive
MOTION_IGNORED drag state inactive
MOTION_IGNORED drag state inactive
MOTION_IGNORED drag state inactive
MOTION_IGNORED drag state inactive
MOTION_IGNORED drag state inactive
MOTION_IGNORED drag state inactive
MOTION_IGNORED drag state inactive
MOTION_IGNORED drag state inactive
MOTION_IGNORED drag state inactive
MOTION_IGNORED drag state inactive
MOTION_IGNORED drag state inactive
MOTION_IGNORED drag state inactive
MOTION_IGNORED drag state inactive
MOTION_IGNORED drag state inactive
MOTION_IGNORED drag state inactive
MOTION_IGNORED drag state inactive
MOTION_IGNORED drag state inactive
MOTION_IGNORED drag state inactive
MOTION_IGNORED drag state inactive
MOTION_IGNORED drag state inactive
MOTION_IGNORED drag state inactive
MOTION_IGNORED drag state inactive
MOTION_IGNORED drag state inactive
MOTION_IGNORED drag state inactive
MOTION_IGNORED drag state inactive
MOTION_IGNORED drag state inactive
MOTION_IGNORED drag state inactive
MOTION_IGNORED drag state inactive
MOTION_IGNORED drag state inactive
MOTION_IGNORED drag state inactive
MOTION_IGNORED drag state inactive
MOTION_IGNORED drag state inactive
MOTION_IGNORED drag state inactive
MOTION_IGNORED drag state inactive
MOTION_IGNORED drag state inactive
MOTION_IGNORED drag state inactive
MOTION_IGNORED drag state inactive
MOTION_IGNORED drag state inactive
MOTION_IGNORED drag state inactive
MOTION_IGNORED drag state inactive
MOTION_IGNORED drag state inactive
MOTION_IGNORED drag state inactive
MOTION_IGNORED drag state inactive
MOTION_IGNORED drag state inactive
MOTION_IGNORED drag state inactive
MOTION_IGNORED drag state inactive
MOTION_IGNORED drag state inactive
MOTION_IGNORED drag state inactive
MOTION_IGNORED drag state inactive
MOTION_IGNORED drag state inactive
MOTION_IGNORED drag state inactive
MOTION_IGNORED drag state inactive
MOTION_IGNORED drag state inactive
MOTION_IGNORED drag state inactive
MOTION_IGNORED drag state inactive
MOTION_IGNORED drag state inactive
MOTION_IGNORED drag state inactive
MOTION_IGNORED drag state inactive
MOTION_IGNORED drag state inactive
MOTION_IGNORED drag state inactive
MOTION_IGNORED drag state inactive
MOTION_IGNORED drag state inactive
MOTION_IGNORED drag state inactive
MOTION_IGNORED drag state inactive
MOTION_IGNORED drag state inactive
MOTION_IGNORED drag state inactive
MOTION_IGNORED drag state inactive
MOTION_IGNORED drag state inactive
MOTION_IGNORED drag state inactive
MOTION_IGNORED drag state inactive
MOTION_IGNORED drag state inactive
MOTION_IGNORED drag state inactive
MOTION_IGNORED drag state inactive
MOTION_IGNORED drag state inactive
MOTION_IGNORED drag state inactive
MOTION_IGNORED drag state inactive
MOTION_IGNORED drag state inactive
MOTION_IGNORED drag state inactive
MOTION_IGNORED drag state inactive
MOTION_IGNORED drag state inactive
MOTION_IGNORED drag state inactive
MOTION_IGNORED drag state inactive
MOTION_IGNORED drag state inactive
MOTION_IGNORED drag state inactive
MOTION_IGNORED drag state inactive
MOTION_IGNORED drag state inactive
MOTION_IGNORED drag state inactive
MOTION_IGNORED drag state inactive
MOTION_IGNORED drag state inactive
MOTION_IGNORED drag state inactive
MOTION_IGNORED drag state inactive
MOTION_IGNORED drag state inactive
MOTION_IGNORED drag state inactive
MOTION_IGNORED drag state inactive
MOTION_IGNORED drag state inactive
MOTION_IGNORED drag state inactive
MOTION_IGNORED drag state inactive
MOTION_IGNORED drag state inactive
MOTION_IGNORED drag state inactive
MOTION_IGNORED drag state inactive
MOTION_IGNORED drag state inactive
MOTION_IGNORED drag state inactive
MOTION_IGNORED drag state inactive
MOTION_IGNORED drag state inactive
MOTION_IGNORED drag state inactive
MOTION_IGNORED drag state inactive
MOTION_IGNORED drag state inactive
MOTION_IGNORED drag state inactive
MOTION_IGNORED drag state inactive
MOTION_IGNORED drag state inactive
MOTION_IGNORED drag state inactive
MOTION_IGNORED drag state inactive
MOTION_IGNORED drag state inactive
MOTION_IGNORED drag state inactive
MOTION_IGNORED drag state inactive
MOTION_IGNORED drag state inactive
MOTION_IGNORED drag state inactive
MOTION_IGNORED drag state inactive
MOTION_IGNORED drag state inactive
MOTION_IGNORED drag state inactive
MOTION_IGNORED drag state inactive
MOTION_IGNORED drag state inactive
MOTION_IGNORED drag state inactive
MOTION_IGNORED drag state inactive
MOTION_IGNORED drag state inactive
MOTION_IGNORED drag state inactive
MOTION_IGNORED drag state inactive
MOTION_IGNORED drag state inactive
MOTION_IGNORED drag state inactive
MOTION_IGNORED drag state inactive
MOTION_IGNORED drag state inactive
MOTION_IGNORED drag state inactive
MOTION_IGNORED drag state inactive
MOTION_IGNORED drag state inactive
MOTION_IGNORED drag state inactive
MOTION_IGNORED drag state inactive
MOTION_IGNORED drag state inactive
MOTION_IGNORED drag state inactive
MOTION_IGNORED drag state inactive
MOTION_IGNORED drag state inactive
MOTION_IGNORED drag state inactive
MOTION_IGNORED drag state inactive
MOTION_IGNORED drag state inactive
MOTION_IGNORED drag state inactive
MOTION_IGNORED drag state inactive
MOTION_IGNORED drag state inactive
MOTION_IGNORED drag state inactive
MOTION_IGNORED drag state inactive
MOTION_IGNORED drag state inactive
MOTION_IGNORED drag state inactive
MOTION_IGNORED drag state inactive
MOTION_IGNORED drag state inactive
MOTION_IGNORED drag state inactive
MOTION_IGNORED drag state inactive
MOTION_IGNORED drag state inactive
MOTION_IGNORED drag state inactive
MOTION_IGNORED drag state inactive
MOTION_IGNORED drag state inactive
MOTION_IGNORED drag state inactive
MOTION_IGNORED drag state inactive
MOTION_IGNORED drag state inactive
MOTION_IGNORED drag state inactive
MOTION_IGNORED drag state inactive
MOTION_IGNORED drag state inactive
MOTION_IGNORED drag state inactive
MOTION_IGNORED drag state inactive
MOTION_IGNORED drag state inactive
MOTION_IGNORED drag state inactive
MOTION_IGNORED drag state inactive
MOTION_IGNORED drag state inactive
MOTION_IGNORED drag state inactive
MOTION_IGNORED drag state inactive
MOTION_IGNORED drag state inactive
MOTION_IGNORED drag state inactive
MOTION_IGNORED drag state inactive
MOTION_IGNORED drag state inactive
MOTION_IGNORED drag state inactive
MOTION_IGNORED drag state inactive
MOTION_IGNORED drag state inactive
MOTION_IGNORED drag state inactive
MOTION_IGNORED drag state inactive
MOTION_IGNORED drag state inactive
MOTION_IGNORED drag state inactive
MOTION_IGNORED drag state inactive
MOTION_IGNORED drag state inactive
MOTION_IGNORED drag state inactive
MOTION_IGNORED drag state inactive
MOTION_IGNORED drag state inactive
MOTION_IGNORED drag state inactive
MOTION_IGNORED drag state inactive
MOTION_IGNORED drag state inactive
MOTION_IGNORED drag state inactive
MOTION_IGNORED drag state inactive
MOTION_IGNORED drag state inactive
MOTION_IGNORED drag state inactive
MOTION_IGNORED drag state inactive
MOTION_IGNORED drag state inactive
MOTION_IGNORED drag state inactive
MOTION_IGNORED drag state inactive
MOTION_IGNORED drag state inactive
MOTION_IGNORED drag state inactive
MOTION_IGNORED drag state inactive
MOTION_IGNORED drag state inactive
MOTION_IGNORED drag state inactive
MOTION_IGNORED drag state inactive
MOTION_IGNORED drag state inactive
MOTION_IGNORED drag state inactive
MOTION_IGNORED drag state inactive
MOTION_IGNORED drag state inactive
MOTION_IGNORED drag state inactive
MOTION_IGNORED drag state inactive
MOTION_IGNORED drag state inactive
MOTION_IGNORED drag state inactive
MOTION_IGNORED drag state inactive
MOTION_IGNORED drag state inactive
MOTION_IGNORED drag state inactive
MOTION_IGNORED drag state inactive
MOTION_IGNORED drag state inactive
MOTION_IGNORED drag state inactive
MOTION_IGNORED drag state inactive
MOTION_IGNORED drag state inactive
MOTION_IGNORED drag state inactive
MOTION_IGNORED drag state inactive
MOTION_IGNORED drag state inactive
MOTION_IGNORED drag state inactive
MOTION_IGNORED drag state inactive
MOTION_IGNORED drag state inactive
MOTION_IGNORED drag state inactive
MOTION_IGNORED drag state inactive
MOTION_IGNORED drag state inactive
MOTION_IGNORED drag state inactive
MOTION_IGNORED drag state inactive
MOTION_IGNORED drag state inactive
MOTION_IGNORED drag state inactive
MOTION_IGNORED drag state inactive
MOTION_IGNORED drag state inactive
MOTION_IGNORED drag state inactive
MOTION_IGNORED drag state inactive
MOTION_IGNORED drag state inactive
MOTION_IGNORED drag state inactive
MOTION_IGNORED drag state inactive
MOTION_IGNORED drag state inactive
MOTION_IGNORED drag state inactive
MOTION_IGNORED drag state inactive
MOTION_IGNORED drag state inactive
MOTION_IGNORED drag state inactive
MOTION_IGNORED drag state inactive
MOTION_IGNORED drag state inactive
MOTION_IGNORED drag state inactive
MOTION_IGNORED drag state inactive
MOTION_IGNORED drag state inactive
MOTION_IGNORED drag state inactive
MOTION_IGNORED drag state inactive
MOTION_IGNORED drag state inactive
MOTION_IGNORED drag state inactive
MOTION_IGNORED drag state inactive
MOTION_IGNORED drag state inactive
MOTION_IGNORED drag state inactive
MOTION_IGNORED drag state inactive
MOTION_IGNORED drag state inactive
MOTION_IGNORED drag state inactive
MOTION_IGNORED drag state inactive
MOTION_IGNORED drag state inactive
MOTION_IGNORED drag state inactive
MOTION_IGNORED drag state inactive
MOTION_IGNORED drag state inactive
MOTION_IGNORED drag state inactive
MOTION_IGNORED drag state inactive
MOTION_IGNORED drag state inactive
MOTION_IGNORED drag state inactive
MOTION_IGNORED drag state inactive
MOTION_IGNORED drag state inactive
MOTION_IGNORED drag state inactive
MOTION_IGNORED drag state inactive
MOTION_IGNORED drag state inactive
MOTION_IGNORED drag state inactive
MOTION_IGNORED drag state inactive
MOTION_IGNORED drag state inactive
MOTION_IGNORED drag state inactive
MOTION_IGNORED drag state inactive
MOTION_IGNORED drag state inactive
MOTION_IGNORED drag state inactive
MOTION_IGNORED drag state inactive
MOTION_IGNORED drag state inactive
MOTION_IGNORED drag state inactive
MOTION_IGNORED drag state inactive
MOTION_IGNORED drag state inactive
MOTION_IGNORED drag state inactive
MOTION_IGNORED drag state inactive
MOTION_IGNORED drag state inactive
MOTION_IGNORED drag state inactive
MOTION_IGNORED drag state inactive
MOTION_IGNORED drag state inactive
MOTION_IGNORED drag state inactive
MOTION_IGNORED drag state inactive
MOTION_IGNORED drag state inactive
MOTION_IGNORED drag state inactive
MOTION_IGNORED drag state inactive
MOTION_IGNORED drag state inactive
MOTION_IGNORED drag state inactive
MOTION_IGNORED drag state inactive
MOTION_IGNORED drag state inactive
MOTION_IGNORED drag state inactive
MOTION_IGNORED drag state inactive
MOTION_IGNORED drag state inactive
MOTION_IGNORED drag state inactive
MOTION_IGNORED drag state inactive
MOTION_IGNORED drag state inactive
MOTION_IGNORED drag state inactive
MOTION_IGNORED drag state inactive
MOTION_IGNORED drag state inactive
MOTION_IGNORED drag state inactive
MOTION_IGNORED drag state inactive
MOTION_IGNORED drag state inactive
MOTION_IGNORED drag state inactive
MOTION_IGNORED drag state inactive
MOTION_IGNORED drag state inactive
MOTION_IGNORED drag state inactive
MOTION_IGNORED drag state inactive
MOTION_IGNORED drag state inactive
MOTION_IGNORED drag state inactive
MOTION_IGNORED drag state inactive
MOTION_IGNORED drag state inactive
MOTION_IGNORED drag state inactive
MOTION_IGNORED drag state inactive
MOTION_IGNORED drag state inactive
MOTION_IGNORED drag state inactive
MOTION_IGNORED drag state inactive
MOTION_IGNORED drag state inactive
MOTION_IGNORED drag state inactive
MOTION_IGNORED drag state inactive
MOTION_IGNORED drag state inactive
MOTION_IGNORED drag state inactive
MOTION_IGNORED drag state inactive
MOTION_IGNORED drag state inactive
MOTION_IGNORED drag state inactive
MOTION_IGNORED drag state inactive
MOTION_IGNORED drag state inactive
MOTION_IGNORED drag state inactive
MOTION_IGNORED drag state inactive
MOTION_IGNORED drag state inactive
MOTION_IGNORED drag state inactive
MOTION_IGNORED drag state inactive
MOTION_IGNORED drag state inactive
MOTION_IGNORED drag state inactive
MOTION_IGNORED drag state inactive
MOTION_IGNORED drag state inactive
MOTION_IGNORED drag state inactive
MOTION_IGNORED drag state inactive
MOTION_IGNORED drag state inactive
MOTION_IGNORED drag state inactive
MOTION_IGNORED drag state inactive
MOTION_IGNORED drag state inactive
MOTION_IGNORED drag state inactive
MOTION_IGNORED drag state inactive
MOTION_IGNORED drag state inactive
MOTION_IGNORED drag state inactive
MOTION_IGNORED drag state inactive
MOTION_IGNORED drag state inactive
MOTION_IGNORED drag state inactive
MOTION_IGNORED drag state inactive
MOTION_IGNORED drag state inactive
MOTION_IGNORED drag state inactive
MOTION_IGNORED drag state inactive
MOTION_IGNORED drag state inactive
MOTION_IGNORED drag state inactive
MOTION_IGNORED drag state inactive
MOTION_IGNORED drag state inactive
MOTION_IGNORED drag state inactive
MOTION_IGNORED drag state inactive
MOTION_IGNORED drag state inactive
MOTION_IGNORED drag state inactive
MOTION_IGNORED drag state inactive
MOTION_IGNORED drag state inactive
MOTION_IGNORED drag state inactive
MOTION_IGNORED drag state inactive
MOTION_IGNORED drag state inactive
MOTION_IGNORED drag state inactive
MOTION_IGNORED drag state inactive
MOTION_IGNORED drag state inactive
MOTION_IGNORED drag state inactive
MOTION_IGNORED drag state inactive
MOTION_IGNORED drag state inactive
MOTION_IGNORED drag state inactive
MOTION_IGNORED drag state inactive
MOTION_IGNORED drag state inactive
MOTION_IGNORED drag state inactive
MOTION_IGNORED drag state inactive
MOTION_IGNORED drag state inactive
MOTION_IGNORED drag state inactive
MOTION_IGNORED drag state inactive
MOTION_IGNORED drag state inactive
MOTION_IGNORED drag state inactive
MOTION_IGNORED drag state inactive
MOTION_IGNORED drag state inactive
MOTION_IGNORED drag state inactive
MOTION_IGNORED drag state inactive
MOTION_IGNORED drag state inactive
MOTION_IGNORED drag state inactive
MOTION_IGNORED drag state inactive
MOTION_IGNORED drag state inactive
MOTION_IGNORED drag state inactive
MOTION_IGNORED drag state inactive
MOTION_IGNORED drag state inactive
MOTION_IGNORED drag state inactive
MOTION_IGNORED drag state inactive
MOTION_IGNORED drag state inactive
MOTION_IGNORED drag state inactive
MOTION_IGNORED drag state inactive
MOTION_IGNORED drag state inactive
MOTION_IGNORED drag state inactive
MOTION_IGNORED drag state inactive
MOTION_IGNORED drag state inactive
MOTION_IGNORED drag state inactive
MOTION_IGNORED drag state inactive
MOTION_IGNORED drag state inactive
LEFT_DOWN screen=(642,92) logical=(642,92) hit=-1 ctrl=0 selectedBefore=1
LEFT_UP dragging=0 index=-1 capture=1 selected=0
MOTION_IGNORED drag state inactive
MOTION_IGNORED drag state inactive
MOTION_IGNORED drag state inactive
MOTION_IGNORED drag state inactive
MOTION_IGNORED drag state inactive
MOTION_IGNORED drag state inactive
MOTION_IGNORED drag state inactive
MOTION_IGNORED drag state inactive
MOTION_IGNORED drag state inactive
MOTION_IGNORED drag state inactive
MOTION_IGNORED drag state inactive
MOTION_IGNORED drag state inactive
MOTION_IGNORED drag state inactive
MOTION_IGNORED drag state inactive
MOTION_IGNORED drag state inactive
MOTION_IGNORED drag state inactive
MOTION_IGNORED drag state inactive
MOTION_IGNORED drag state inactive
MOTION_IGNORED drag state inactive
MOTION_IGNORED drag state inactive
MOTION_IGNORED drag state inactive
MOTION_IGNORED drag state inactive
MOTION_IGNORED drag state inactive
MOTION_IGNORED drag state inactive
MOTION_IGNORED drag state inactive
MOTION_IGNORED drag state inactive
MOTION_IGNORED drag state inactive
MOTION_IGNORED drag state inactive
MOTION_IGNORED drag state inactive
MOTION_IGNORED drag state inactive
MOTION_IGNORED drag state inactive
MOTION_IGNORED drag state inactive
MOTION_IGNORED drag state inactive
MOTION_IGNORED drag state inactive
MOTION_IGNORED drag state inactive
MOTION_IGNORED drag state inactive
MOTION_IGNORED drag state inactive
MOTION_IGNORED drag state inactive
MOTION_IGNORED drag state inactive
MOTION_IGNORED drag state inactive
MOTION_IGNORED drag state inactive
MOTION_IGNORED drag state inactive
MOTION_IGNORED drag state inactive
MOTION_IGNORED drag state inactive
MOTION_IGNORED drag state inactive
MOTION_IGNORED drag state inactive
MOTION_IGNORED drag state inactive
MOTION_IGNORED drag state inactive
MOTION_IGNORED drag state inactive
MOTION_IGNORED drag state inactive
MOTION_IGNORED drag state inactive
MOTION_IGNORED drag state inactive
MOTION_IGNORED drag state inactive
MOTION_IGNORED drag state inactive
MOTION_IGNORED drag state inactive
MOTION_IGNORED drag state inactive
MOTION_IGNORED drag state inactive
MOTION_IGNORED drag state inactive
MOTION_IGNORED drag state inactive
MOTION_IGNORED drag state inactive
MOTION_IGNORED drag state inactive
MOTION_IGNORED drag state inactive
MOTION_IGNORED drag state inactive
MOTION_IGNORED drag state inactive
MOTION_IGNORED drag state inactive
MOTION_IGNORED drag state inactive
MOTION_IGNORED drag state inactive
MOTION_IGNORED drag state inactive
MOTION_IGNORED drag state inactive
MOTION_IGNORED drag state inactive
MOTION_IGNORED drag state inactive
MOTION_IGNORED drag state inactive
MOTION_IGNORED drag state inactive
MOTION_IGNORED drag state inactive
MOTION_IGNORED drag state inactive
MOTION_IGNORED drag state inactive
MOTION_IGNORED drag state inactive
MOTION_IGNORED drag state inactive
MOTION_IGNORED drag state inactive
MOTION_IGNORED drag state inactive
MOTION_IGNORED drag state inactive
MOTION_IGNORED drag state inactive
MOTION_IGNORED drag state inactive
MOTION_IGNORED drag state inactive
MOTION_IGNORED drag state inactive
MOTION_IGNORED drag state inactive
MOTION_IGNORED drag state inactive
MOTION_IGNORED drag state inactive
MOTION_IGNORED drag state inactive
MOTION_IGNORED drag state inactive
MOTION_IGNORED drag state inactive
MOTION_IGNORED drag state inactive
MOTION_IGNORED drag state inactive
MOTION_IGNORED drag state inactive
MOTION_IGNORED drag state inactive
MOTION_IGNORED drag state inactive
MOTION_IGNORED drag state inactive
MOTION_IGNORED drag state inactive
MOTION_IGNORED drag state inactive
MOTION_IGNORED drag state inactive
MOTION_IGNORED drag state inactive
MOTION_IGNORED drag state inactive
MOTION_IGNORED drag state inactive
MOTION_IGNORED drag state inactive
MOTION_IGNORED drag state inactive
MOTION_IGNORED drag state inactive
MOTION_IGNORED drag state inactive
MOTION_IGNORED drag state inactive
MOTION_IGNORED drag state inactive
MOTION_IGNORED drag state inactive
MOTION_IGNORED drag state inactive
MOTION_IGNORED drag state inactive
MOTION_IGNORED drag state inactive
MOTION_IGNORED drag state inactive
MOTION_IGNORED drag state inactive
MOTION_IGNORED drag state inactive
MOTION_IGNORED drag state inactive
MOTION_IGNORED drag state inactive
MOTION_IGNORED drag state inactive
MOTION_IGNORED drag state inactive
MOTION_IGNORED drag state inactive
MOTION_IGNORED drag state inactive
MOTION_IGNORED drag state inactive
MOTION_IGNORED drag state inactive
MOTION_IGNORED drag state inactive
MOTION_IGNORED drag state inactive
MOTION_IGNORED drag state inactive
MOTION_IGNORED drag state inactive
MOTION_IGNORED drag state inactive
MOTION_IGNORED drag state inactive
MOTION_IGNORED drag state inactive
MOTION_IGNORED drag state inactive
MOTION_IGNORED drag state inactive
MOTION_IGNORED drag state inactive
MOTION_IGNORED drag state inactive
MOTION_IGNORED drag state inactive
MOTION_IGNORED drag state inactive
MOTION_IGNORED drag state inactive
MOTION_IGNORED drag state inactive
MOTION_IGNORED drag state inactive
MOTION_IGNORED drag state inactive
MOTION_IGNORED drag state inactive
MOTION_IGNORED drag state inactive
MOTION_IGNORED drag state inactive
MOTION_IGNORED drag state inactive
MOTION_IGNORED drag state inactive
MOTION_IGNORED drag state inactive
MOTION_IGNORED drag state inactive
MOTION_IGNORED drag state inactive
MOTION_IGNORED drag state inactive
MOTION_IGNORED drag state inactive
MOTION_IGNORED drag state inactive
MOTION_IGNORED drag state inactive
MOTION_IGNORED drag state inactive
MOTION_IGNORED drag state inactive
MOTION_IGNORED drag state inactive
MOTION_IGNORED drag state inactive
MOTION_IGNORED drag state inactive
MOTION_IGNORED drag state inactive
MOTION_IGNORED drag state inactive
MOTION_IGNORED drag state inactive
MOTION_IGNORED drag state inactive
MOTION_IGNORED drag state inactive
MOTION_IGNORED drag state inactive
MOTION_IGNORED drag state inactive
MOTION_IGNORED drag state inactive
MOTION_IGNORED drag state inactive
MOTION_IGNORED drag state inactive
MOTION_IGNORED drag state inactive
MOTION_IGNORED drag state inactive
MOTION_IGNORED drag state inactive
MOTION_IGNORED drag state inactive
MOTION_IGNORED drag state inactive
MOTION_IGNORED drag state inactive
MOTION_IGNORED drag state inactive
MOTION_IGNORED drag state inactive
MOTION_IGNORED drag state inactive
MOTION_IGNORED drag state inactive
MOTION_IGNORED drag state inactive
MOTION_IGNORED drag state inactive
MOTION_IGNORED drag state inactive
MOTION_IGNORED drag state inactive
MOTION_IGNORED drag state inactive
MOTION_IGNORED drag state inactive
MOTION_IGNORED drag state inactive
MOTION_IGNORED drag state inactive
MOTION_IGNORED drag state inactive
MOTION_IGNORED drag state inactive
MOTION_IGNORED drag state inactive
MOTION_IGNORED drag state inactive
MOTION_IGNORED drag state inactive
MOTION_IGNORED drag state inactive
MOTION_IGNORED drag state inactive
MOTION_IGNORED drag state inactive
MOTION_IGNORED drag state inactive
MOTION_IGNORED drag state inactive
MOTION_IGNORED drag state inactive
MOTION_IGNORED drag state inactive
MOTION_IGNORED drag state inactive
MOTION_IGNORED drag state inactive
MOTION_IGNORED drag state inactive
MOTION_IGNORED drag state inactive
MOTION_IGNORED drag state inactive
MOTION_IGNORED drag state inactive
MOTION_IGNORED drag state inactive
MOTION_IGNORED drag state inactive
MOTION_IGNORED drag state inactive
MOTION_IGNORED drag state inactive
MOTION_IGNORED drag state inactive
MOTION_IGNORED drag state inactive
MOTION_IGNORED drag state inactive
MOTION_IGNORED drag state inactive
MOTION_IGNORED drag state inactive
MOTION_IGNORED drag state inactive
MOTION_IGNORED drag state inactive
MOTION_IGNORED drag state inactive
MOTION_IGNORED drag state inactive
MOTION_IGNORED drag state inactive
MOTION_IGNORED drag state inactive
MOTION_IGNORED drag state inactive
MOTION_IGNORED drag state inactive
MOTION_IGNORED drag state inactive
MOTION_IGNORED drag state inactive
MOTION_IGNORED drag state inactive
MOTION_IGNORED drag state inactive
MOTION_IGNORED drag state inactive
MOTION_IGNORED drag state inactive
MOTION_IGNORED drag state inactive
MOTION_IGNORED drag state inactive
MOTION_IGNORED drag state inactive
MOTION_IGNORED drag state inactive
MOTION_IGNORED drag state inactive
MOTION_IGNORED drag state inactive
MOTION_IGNORED drag state inactive
MOTION_IGNORED drag state inactive
MOTION_IGNORED drag state inactive
MOTION_IGNORED drag state inactive
MOTION_IGNORED drag state inactive
MOTION_IGNORED drag state inactive
MOTION_IGNORED drag state inactive
MOTION_IGNORED drag state inactive
MOTION_IGNORED drag state inactive
MOTION_IGNORED drag state inactive
MOTION_IGNORED drag state inactive
MOTION_IGNORED drag state inactive
MOTION_IGNORED drag state inactive
MOTION_IGNORED drag state inactive
MOTION_IGNORED drag state inactive
MOTION_IGNORED drag state inactive
MOTION_IGNORED drag state inactive
MOTION_IGNORED drag state inactive
MOTION_IGNORED drag state inactive
MOTION_IGNORED drag state inactive
MOTION_IGNORED drag state inactive
MOTION_IGNORED drag state inactive
MOTION_IGNORED drag state inactive
MOTION_IGNORED drag state inactive
MOTION_IGNORED drag state inactive
MOTION_IGNORED drag state inactive
MOTION_IGNORED drag state inactive
MOTION_IGNORED drag state inactive
MOTION_IGNORED drag state inactive
MOTION_IGNORED drag state inactive
MOTION_IGNORED drag state inactive
LEFT_DOWN screen=(377,466) logical=(377,466) hit=0 ctrl=0 selectedBefore=5
DRAG_ARMED index=0 id=event-00000001 startTick=0 note=60 selectedNow=5
MOTION screen=(377,465) logical=(377,465) dx=0 dy=-1 tickDelta=0 noteDelta=1 left=1 capture=1
MOTION_APPLIED tickDelta=0 noteDelta=1 selected=5
MOTION screen=(377,464) logical=(377,464) dx=0 dy=-2 tickDelta=0 noteDelta=1 left=1 capture=1
MOTION_APPLIED tickDelta=0 noteDelta=1 selected=5
MOTION screen=(378,464) logical=(378,464) dx=1 dy=-2 tickDelta=5 noteDelta=1 left=1 capture=1
MOTION_APPLIED tickDelta=0 noteDelta=1 selected=5
MOTION screen=(383,461) logical=(383,461) dx=6 dy=-5 tickDelta=30 noteDelta=1 left=1 capture=1
MOTION_APPLIED tickDelta=0 noteDelta=1 selected=5
MOTION screen=(386,459) logical=(386,459) dx=9 dy=-7 tickDelta=45 noteDelta=1 left=1 capture=1
MOTION_APPLIED tickDelta=0 noteDelta=1 selected=5
MOTION screen=(391,456) logical=(391,456) dx=14 dy=-10 tickDelta=70 noteDelta=2 left=1 capture=1
MOTION_APPLIED tickDelta=120 noteDelta=2 selected=5
MOTION screen=(395,453) logical=(395,453) dx=18 dy=-13 tickDelta=90 noteDelta=2 left=1 capture=1
MOTION_APPLIED tickDelta=120 noteDelta=2 selected=5
MOTION screen=(402,450) logical=(402,450) dx=25 dy=-16 tickDelta=125 noteDelta=2 left=1 capture=1
MOTION_APPLIED tickDelta=120 noteDelta=2 selected=5
MOTION screen=(408,447) logical=(408,447) dx=31 dy=-19 tickDelta=155 noteDelta=2 left=1 capture=1
MOTION_APPLIED tickDelta=120 noteDelta=2 selected=5
MOTION screen=(422,438) logical=(422,438) dx=45 dy=-28 tickDelta=225 noteDelta=3 left=1 capture=1
MOTION_APPLIED tickDelta=240 noteDelta=3 selected=5
MOTION screen=(428,435) logical=(428,435) dx=51 dy=-31 tickDelta=255 noteDelta=3 left=1 capture=1
MOTION_APPLIED tickDelta=240 noteDelta=3 selected=5
MOTION screen=(431,434) logical=(431,434) dx=54 dy=-32 tickDelta=270 noteDelta=3 left=1 capture=1
MOTION_APPLIED tickDelta=240 noteDelta=3 selected=5
MOTION screen=(435,431) logical=(435,431) dx=58 dy=-35 tickDelta=290 noteDelta=3 left=1 capture=1
MOTION_APPLIED tickDelta=240 noteDelta=3 selected=5
MOTION screen=(437,430) logical=(437,430) dx=60 dy=-36 tickDelta=300 noteDelta=3 left=1 capture=1
MOTION_APPLIED tickDelta=360 noteDelta=3 selected=5
MOTION screen=(444,428) logical=(444,428) dx=67 dy=-38 tickDelta=335 noteDelta=3 left=1 capture=1
MOTION_APPLIED tickDelta=360 noteDelta=3 selected=5
MOTION screen=(450,425) logical=(450,425) dx=73 dy=-41 tickDelta=365 noteDelta=3 left=1 capture=1
MOTION_APPLIED tickDelta=360 noteDelta=3 selected=5
MOTION screen=(454,423) logical=(454,423) dx=77 dy=-43 tickDelta=385 noteDelta=3 left=1 capture=1
MOTION_APPLIED tickDelta=360 noteDelta=3 selected=5
MOTION screen=(456,421) logical=(456,421) dx=79 dy=-45 tickDelta=395 noteDelta=3 left=1 capture=1
MOTION_APPLIED tickDelta=360 noteDelta=3 selected=5
MOTION screen=(463,418) logical=(463,418) dx=86 dy=-48 tickDelta=430 noteDelta=4 left=1 capture=1
MOTION_APPLIED tickDelta=480 noteDelta=4 selected=5
MOTION screen=(467,415) logical=(467,415) dx=90 dy=-51 tickDelta=450 noteDelta=4 left=1 capture=1
MOTION_APPLIED tickDelta=480 noteDelta=4 selected=5
MOTION screen=(471,413) logical=(471,413) dx=94 dy=-53 tickDelta=470 noteDelta=4 left=1 capture=1
MOTION_APPLIED tickDelta=480 noteDelta=4 selected=5
MOTION screen=(479,408) logical=(479,408) dx=102 dy=-58 tickDelta=510 noteDelta=4 left=1 capture=1
MOTION_APPLIED tickDelta=480 noteDelta=4 selected=5
MOTION screen=(488,403) logical=(488,403) dx=111 dy=-63 tickDelta=555 noteDelta=4 left=1 capture=1
MOTION_APPLIED tickDelta=600 noteDelta=4 selected=5
MOTION screen=(494,398) logical=(494,398) dx=117 dy=-68 tickDelta=585 noteDelta=5 left=1 capture=1
MOTION_APPLIED tickDelta=600 noteDelta=5 selected=5
MOTION screen=(499,395) logical=(499,395) dx=122 dy=-71 tickDelta=610 noteDelta=5 left=1 capture=1
MOTION_APPLIED tickDelta=600 noteDelta=5 selected=5
MOTION screen=(503,393) logical=(503,393) dx=126 dy=-73 tickDelta=630 noteDelta=5 left=1 capture=1
MOTION_APPLIED tickDelta=600 noteDelta=5 selected=5
MOTION screen=(506,392) logical=(506,392) dx=129 dy=-74 tickDelta=645 noteDelta=5 left=1 capture=1
MOTION_APPLIED tickDelta=600 noteDelta=5 selected=5
MOTION screen=(510,389) logical=(510,389) dx=133 dy=-77 tickDelta=665 noteDelta=5 left=1 capture=1
MOTION_APPLIED tickDelta=720 noteDelta=5 selected=5
MOTION screen=(514,387) logical=(514,387) dx=137 dy=-79 tickDelta=685 noteDelta=5 left=1 capture=1
MOTION_APPLIED tickDelta=720 noteDelta=5 selected=5
MOTION screen=(516,386) logical=(516,386) dx=139 dy=-80 tickDelta=695 noteDelta=5 left=1 capture=1
MOTION_APPLIED tickDelta=720 noteDelta=5 selected=5
MOTION screen=(519,384) logical=(519,384) dx=142 dy=-82 tickDelta=710 noteDelta=6 left=1 capture=1
MOTION_APPLIED tickDelta=720 noteDelta=6 selected=5
MOTION screen=(522,383) logical=(522,383) dx=145 dy=-83 tickDelta=725 noteDelta=6 left=1 capture=1
MOTION_APPLIED tickDelta=720 noteDelta=6 selected=5
MOTION screen=(530,380) logical=(530,380) dx=153 dy=-86 tickDelta=765 noteDelta=6 left=1 capture=1
MOTION_APPLIED tickDelta=720 noteDelta=6 selected=5
MOTION screen=(540,376) logical=(540,376) dx=163 dy=-90 tickDelta=815 noteDelta=6 left=1 capture=1
MOTION_APPLIED tickDelta=840 noteDelta=6 selected=5
MOTION screen=(549,373) logical=(549,373) dx=172 dy=-93 tickDelta=860 noteDelta=6 left=1 capture=1
MOTION_APPLIED tickDelta=840 noteDelta=6 selected=5
MOTION screen=(558,370) logical=(558,370) dx=181 dy=-96 tickDelta=905 noteDelta=6 left=1 capture=1
MOTION_APPLIED tickDelta=960 noteDelta=6 selected=5
MOTION screen=(565,368) logical=(565,368) dx=188 dy=-98 tickDelta=940 noteDelta=6 left=1 capture=1
MOTION_APPLIED tickDelta=960 noteDelta=6 selected=5
MOTION screen=(572,366) logical=(572,366) dx=195 dy=-100 tickDelta=975 noteDelta=7 left=1 capture=1
MOTION_APPLIED tickDelta=960 noteDelta=7 selected=5
MOTION screen=(579,364) logical=(579,364) dx=202 dy=-102 tickDelta=1009 noteDelta=7 left=1 capture=1
MOTION_APPLIED tickDelta=960 noteDelta=7 selected=5
MOTION screen=(586,361) logical=(586,361) dx=209 dy=-105 tickDelta=1045 noteDelta=7 left=1 capture=1
MOTION_APPLIED tickDelta=1080 noteDelta=7 selected=5
MOTION screen=(589,359) logical=(589,359) dx=212 dy=-107 tickDelta=1060 noteDelta=7 left=1 capture=1
MOTION_APPLIED tickDelta=1080 noteDelta=7 selected=5
MOTION screen=(592,358) logical=(592,358) dx=215 dy=-108 tickDelta=1075 noteDelta=7 left=1 capture=1
MOTION_APPLIED tickDelta=1080 noteDelta=7 selected=5
MOTION screen=(595,357) logical=(595,357) dx=218 dy=-109 tickDelta=1090 noteDelta=7 left=1 capture=1
MOTION_APPLIED tickDelta=1080 noteDelta=7 selected=5
MOTION screen=(597,356) logical=(597,356) dx=220 dy=-110 tickDelta=1100 noteDelta=7 left=1 capture=1
MOTION_APPLIED tickDelta=1080 noteDelta=7 selected=5
MOTION screen=(600,355) logical=(600,355) dx=223 dy=-111 tickDelta=1115 noteDelta=7 left=1 capture=1
MOTION_APPLIED tickDelta=1080 noteDelta=7 selected=5
MOTION screen=(605,352) logical=(605,352) dx=228 dy=-114 tickDelta=1140 noteDelta=7 left=1 capture=1
MOTION_APPLIED tickDelta=1200 noteDelta=7 selected=5
MOTION screen=(608,351) logical=(608,351) dx=231 dy=-115 tickDelta=1155 noteDelta=7 left=1 capture=1
MOTION_APPLIED tickDelta=1200 noteDelta=7 selected=5
MOTION screen=(609,351) logical=(609,351) dx=232 dy=-115 tickDelta=1160 noteDelta=7 left=1 capture=1
MOTION_APPLIED tickDelta=1200 noteDelta=7 selected=5
MOTION screen=(611,350) logical=(611,350) dx=234 dy=-116 tickDelta=1170 noteDelta=7 left=1 capture=1
MOTION_APPLIED tickDelta=1200 noteDelta=7 selected=5
MOTION screen=(613,349) logical=(613,349) dx=236 dy=-117 tickDelta=1180 noteDelta=7 left=1 capture=1
MOTION_APPLIED tickDelta=1200 noteDelta=7 selected=5
MOTION screen=(614,349) logical=(614,349) dx=237 dy=-117 tickDelta=1185 noteDelta=7 left=1 capture=1
MOTION_APPLIED tickDelta=1200 noteDelta=7 selected=5
LEFT_UP dragging=1 index=0 capture=1 selected=5
MOTION_IGNORED drag state inactive
MOTION_IGNORED drag state inactive
MOTION_IGNORED drag state inactive
MOTION_IGNORED drag state inactive
MOTION_IGNORED drag state inactive
MOTION_IGNORED drag state inactive
MOTION_IGNORED drag state inactive
MOTION_IGNORED drag state inactive
MOTION_IGNORED drag state inactive
MOTION_IGNORED drag state inactive
MOTION_IGNORED drag state inactive
MOTION_IGNORED drag state inactive
MOTION_IGNORED drag state inactive
MOTION_IGNORED drag state inactive
MOTION_IGNORED drag state inactive
MOTION_IGNORED drag state inactive
MOTION_IGNORED drag state inactive
MOTION_IGNORED drag state inactive
MOTION_IGNORED drag state inactive
MOTION_IGNORED drag state inactive
MOTION_IGNORED drag state inactive
MOTION_IGNORED drag state inactive
MOTION_IGNORED drag state inactive
MOTION_IGNORED drag state inactive
MOTION_IGNORED drag state inactive
MOTION_IGNORED drag state inactive
MOTION_IGNORED drag state inactive
MOTION_IGNORED drag state inactive
MOTION_IGNORED drag state inactive
MOTION_IGNORED drag state inactive
MOTION_IGNORED drag state inactive
MOTION_IGNORED drag state inactive
MOTION_IGNORED drag state inactive
MOTION_IGNORED drag state inactive
MOTION_IGNORED drag state inactive
MOTION_IGNORED drag state inactive
MOTION_IGNORED drag state inactive
MOTION_IGNORED drag state inactive
MOTION_IGNORED drag state inactive
MOTION_IGNORED drag state inactive
MOTION_IGNORED drag state inactive
MOTION_IGNORED drag state inactive
MOTION_IGNORED drag state inactive
MOTION_IGNORED drag state inactive
MOTION_IGNORED drag state inactive
MOTION_IGNORED drag state inactive
MOTION_IGNORED drag state inactive
MOTION_IGNORED drag state inactive
MOTION_IGNORED drag state inactive
MOTION_IGNORED drag state inactive
MOTION_IGNORED drag state inactive
MOTION_IGNORED drag state inactive
MOTION_IGNORED drag state inactive
MOTION_IGNORED drag state inactive
MOTION_IGNORED drag state inactive
MOTION_IGNORED drag state inactive
MOTION_IGNORED drag state inactive
MOTION_IGNORED drag state inactive
MOTION_IGNORED drag state inactive
MOTION_IGNORED drag state inactive
MOTION_IGNORED drag state inactive
MOTION_IGNORED drag state inactive
MOTION_IGNORED drag state inactive
MOTION_IGNORED drag state inactive
MOTION_IGNORED drag state inactive
MOTION_IGNORED drag state inactive
MOTION_IGNORED drag state inactive
MOTION_IGNORED drag state inactive
MOTION_IGNORED drag state inactive
MOTION_IGNORED drag state inactive
MOTION_IGNORED drag state inactive
MOTION_IGNORED drag state inactive
MOTION_IGNORED drag state inactive
MOTION_IGNORED drag state inactive
MOTION_IGNORED drag state inactive
MOTION_IGNORED drag state inactive
MOTION_IGNORED drag state inactive
MOTION_IGNORED drag state inactive
MOTION_IGNORED drag state inactive
MOTION_IGNORED drag state inactive
MOTION_IGNORED drag state inactive
MOTION_IGNORED drag state inactive
MOTION_IGNORED drag state inactive
MOTION_IGNORED drag state inactive
MOTION_IGNORED drag state inactive
MOTION_IGNORED drag state inactive
MOTION_IGNORED drag state inactive
MOTION_IGNORED drag state inactive
MOTION_IGNORED drag state inactive
MOTION_IGNORED drag state inactive
MOTION_IGNORED drag state inactive
MOTION_IGNORED drag state inactive
MOTION_IGNORED drag state inactive
MOTION_IGNORED drag state inactive
MOTION_IGNORED drag state inactive
MOTION_IGNORED drag state inactive
MOTION_IGNORED drag state inactive
MOTION_IGNORED drag state inactive
MOTION_IGNORED drag state inactive
MOTION_IGNORED drag state inactive
MOTION_IGNORED drag state inactive
MOTION_IGNORED drag state inactive
MOTION_IGNORED drag state inactive
MOTION_IGNORED drag state inactive
MOTION_IGNORED drag state inactive
MOTION_IGNORED drag state inactive
MOTION_IGNORED drag state inactive
MOTION_IGNORED drag state inactive
MOTION_IGNORED drag state inactive
MOTION_IGNORED drag state inactive
MOTION_IGNORED drag state inactive
MOTION_IGNORED drag state inactive
MOTION_IGNORED drag state inactive
MOTION_IGNORED drag state inactive
MOTION_IGNORED drag state inactive
MOTION_IGNORED drag state inactive
MOTION_IGNORED drag state inactive
MOTION_IGNORED drag state inactive
MOTION_IGNORED drag state inactive
MOTION_IGNORED drag state inactive
MOTION_IGNORED drag state inactive
MOTION_IGNORED drag state inactive
MOTION_IGNORED drag state inactive
MOTION_IGNORED drag state inactive
MOTION_IGNORED drag state inactive
MOTION_IGNORED drag state inactive
MOTION_IGNORED drag state inactive
MOTION_IGNORED drag state inactive
MOTION_IGNORED drag state inactive
MOTION_IGNORED drag state inactive
MOTION_IGNORED drag state inactive
MOTION_IGNORED drag state inactive
MOTION_IGNORED drag state inactive
MOTION_IGNORED drag state inactive
MOTION_IGNORED drag state inactive
MOTION_IGNORED drag state inactive
MOTION_IGNORED drag state inactive
MOTION_IGNORED drag state inactive
MOTION_IGNORED drag state inactive
MOTION_IGNORED drag state inactive
MOTION_IGNORED drag state inactive
MOTION_IGNORED drag state inactive
MOTION_IGNORED drag state inactive
MOTION_IGNORED drag state inactive
MOTION_IGNORED drag state inactive
MOTION_IGNORED drag state inactive
MOTION_IGNORED drag state inactive
MOTION_IGNORED drag state inactive
MOTION_IGNORED drag state inactive
MOTION_IGNORED drag state inactive
MOTION_IGNORED drag state inactive
MOTION_IGNORED drag state inactive
MOTION_IGNORED drag state inactive
MOTION_IGNORED drag state inactive
MOTION_IGNORED drag state inactive
MOTION_IGNORED drag state inactive
MOTION_IGNORED drag state inactive
MOTION_IGNORED drag state inactive
MOTION_IGNORED drag state inactive
MOTION_IGNORED drag state inactive
MOTION_IGNORED drag state inactive
MOTION_IGNORED drag state inactive
MOTION_IGNORED drag state inactive
MOTION_IGNORED drag state inactive
MOTION_IGNORED drag state inactive
MOTION_IGNORED drag state inactive
MOTION_IGNORED drag state inactive
MOTION_IGNORED drag state inactive
MOTION_IGNORED drag state inactive
MOTION_IGNORED drag state inactive
MOTION_IGNORED drag state inactive
MOTION_IGNORED drag state inactive
MOTION_IGNORED drag state inactive
MOTION_IGNORED drag state inactive
MOTION_IGNORED drag state inactive
MOTION_IGNORED drag state inactive
MOTION_IGNORED drag state inactive
MOTION_IGNORED drag state inactive
MOTION_IGNORED drag state inactive
MOTION_IGNORED drag state inactive
MOTION_IGNORED drag state inactive
MOTION_IGNORED drag state inactive
MOTION_IGNORED drag state inactive
MOTION_IGNORED drag state inactive
MOTION_IGNORED drag state inactive
MOTION_IGNORED drag state inactive
MOTION_IGNORED drag state inactive
MOTION_IGNORED drag state inactive
MOTION_IGNORED drag state inactive
MOTION_IGNORED drag state inactive
MOTION_IGNORED drag state inactive
MOTION_IGNORED drag state inactive
MOTION_IGNORED drag state inactive
MOTION_IGNORED drag state inactive
MOTION_IGNORED drag state inactive
MOTION_IGNORED drag state inactive
MOTION_IGNORED drag state inactive
MOTION_IGNORED drag state inactive
MOTION_IGNORED drag state inactive
MOTION_IGNORED drag state inactive
MOTION_IGNORED drag state inactive
MOTION_IGNORED drag state inactive
MOTION_IGNORED drag state inactive
MOTION_IGNORED drag state inactive
MOTION_IGNORED drag state inactive
MOTION_IGNORED drag state inactive
MOTION_IGNORED drag state inactive
MOTION_IGNORED drag state inactive
MOTION_IGNORED drag state inactive
MOTION_IGNORED drag state inactive
MOTION_IGNORED drag state inactive
MOTION_IGNORED drag state inactive
MOTION_IGNORED drag state inactive
MOTION_IGNORED drag state inactive
MOTION_IGNORED drag state inactive
MOTION_IGNORED drag state inactive
MOTION_IGNORED drag state inactive
MOTION_IGNORED drag state inactive
MOTION_IGNORED drag state inactive
MOTION_IGNORED drag state inactive
MOTION_IGNORED drag state inactive
MOTION_IGNORED drag state inactive
MOTION_IGNORED drag state inactive
MOTION_IGNORED drag state inactive
MOTION_IGNORED drag state inactive
MOTION_IGNORED drag state inactive
MOTION_IGNORED drag state inactive
MOTION_IGNORED drag state inactive
MOTION_IGNORED drag state inactive
MOTION_IGNORED drag state inactive
MOTION_IGNORED drag state inactive
MOTION_IGNORED drag state inactive
MOTION_IGNORED drag state inactive
MOTION_IGNORED drag state inactive
MOTION_IGNORED drag state inactive
MOTION_IGNORED drag state inactive
MOTION_IGNORED drag state inactive
MOTION_IGNORED drag state inactive
MOTION_IGNORED drag state inactive
MOTION_IGNORED drag state inactive
MOTION_IGNORED drag state inactive
MOTION_IGNORED drag state inactive
MOTION_IGNORED drag state inactive
MOTION_IGNORED drag state inactive
MOTION_IGNORED drag state inactive
MOTION_IGNORED drag state inactive
MOTION_IGNORED drag state inactive
MOTION_IGNORED drag state inactive
MOTION_IGNORED drag state inactive
MOTION_IGNORED drag state inactive
MOTION_IGNORED drag state inactive
MOTION_IGNORED drag state inactive
MOTION_IGNORED drag state inactive
MOTION_IGNORED drag state inactive
MOTION_IGNORED drag state inactive
MOTION_IGNORED drag state inactive
MOTION_IGNORED drag state inactive
MOTION_IGNORED drag state inactive
MOTION_IGNORED drag state inactive
MOTION_IGNORED drag state inactive
MOTION_IGNORED drag state inactive
MOTION_IGNORED drag state inactive
MOTION_IGNORED drag state inactive
MOTION_IGNORED drag state inactive
MOTION_IGNORED drag state inactive
MOTION_IGNORED drag state inactive
MOTION_IGNORED drag state inactive
MOTION_IGNORED drag state inactive
MOTION_IGNORED drag state inactive
MOTION_IGNORED drag state inactive
MOTION_IGNORED drag state inactive
MOTION_IGNORED drag state inactive
MOTION_IGNORED drag state inactive
MOTION_IGNORED drag state inactive
MOTION_IGNORED drag state inactive
MOTION_IGNORED drag state inactive
MOTION_IGNORED drag state inactive
MOTION_IGNORED drag state inactive
MOTION_IGNORED drag state inactive
MOTION_IGNORED drag state inactive
MOTION_IGNORED drag state inactive
MOTION_IGNORED drag state inactive
MOTION_IGNORED drag state inactive
MOTION_IGNORED drag state inactive
MOTION_IGNORED drag state inactive
MOTION_IGNORED drag state inactive
MOTION_IGNORED drag state inactive
MOTION_IGNORED drag state inactive
MOTION_IGNORED drag state inactive
MOTION_IGNORED drag state inactive
MOTION_IGNORED drag state inactive
MOTION_IGNORED drag state inactive
MOTION_IGNORED drag state inactive
MOTION_IGNORED drag state inactive
MOTION_IGNORED drag state inactive
MOTION_IGNORED drag state inactive
MOTION_IGNORED drag state inactive
MOTION_IGNORED drag state inactive
MOTION_IGNORED drag state inactive
MOTION_IGNORED drag state inactive
MOTION_IGNORED drag state inactive
MOTION_IGNORED drag state inactive
MOTION_IGNORED drag state inactive
MOTION_IGNORED drag state inactive
MOTION_IGNORED drag state inactive
MOTION_IGNORED drag state inactive
